date,dvix
2006/3/1,-0.8
2006/3/2,0.18
2006/3/3,0.24
2006/3/6,0.78
2006/3/7,-0.08
2006/3/8,-0.34
2006/3/9,0.36
2006/3/10,-0.83
2006/3/13,-0.48
2006/3/14,-0.63
2006/3/15,0.61
2006/3/16,0.63
2006/3/17,0.14
2006/3/20,-0.33
2006/3/21,-0.17
2006/3/22,-0.41
2006/3/23,-0.04
2006/3/24,0.02
2006/3/27,0.27
2006/3/28,0.12
2006/3/29,-0.63
2006/3/30,0.62
2006/3/31,-0.18
2006/4/3,0.18
2006/4/4,-0.43
2006/4/5,-0.01
2006/4/6,0.32
2006/4/7,0.81
2006/4/10,-0.07
2006/4/11,0.81
2006/4/12,-0.24
2006/4/13,-0.38
2006/4/17,0.2
2006/4/18,-1.18
2006/4/19,-0.08
2006/4/20,0.32
2006/4/21,-0.05
2006/4/24,0.16
2006/4/25,0
2006/4/26,0.01
2006/4/27,0.08
2006/4/28,-0.25
2006/5/1,0.95
2006/5/2,-0.55
2006/5/3,0
2006/5/4,-0.13
2006/5/5,-0.22
2006/5/8,0.38
2006/5/9,-0.01
2006/5/10,-0.21
2006/5/11,0.71
2006/5/12,1.7
2006/5/15,-0.62
2006/5/16,-0.22
2006/5/17,2.91
2006/5/18,0.73
2006/5/19,0.19
2006/5/22,0.54
2006/5/23,0.54
2006/5/24,-0.9
2006/5/25,-1.86
2006/5/26,-1.24
2006/5/30,4.4
2006/5/31,-2.22
2006/6/1,-1.92
2006/6/2,-0.2
2006/6/5,2.33
2006/6/6,0.69
2006/6/7,0.46
2006/6/8,0.55
2006/6/9,-0.23
2006/6/12,2.84
2006/6/13,2.85
2006/6/14,-2.35
2006/6/15,-5.56
2006/6/16,1.35
2006/6/19,0.58
2006/6/20,-1.14
2006/6/21,-1.17
2006/6/22,0.36
2006/6/23,0.01
2006/6/26,-0.27
2006/6/27,0.78
2006/6/28,-0.61
2006/6/29,-2.76
2006/6/30,0.05
2006/7/3,-0.03
2006/7/5,1.1
2006/7/6,-0.5
2006/7/7,0.32
2006/7/10,0.05
2006/7/11,-0.88
2006/7/12,1.35
2006/7/13,3.3
2006/7/14,0.26
2006/7/17,0.59
2006/7/18,-0.9
2006/7/19,-2.19
2006/7/20,0.66
2006/7/21,1.19
2006/7/24,-2.42
2006/7/25,-0.13
2006/7/26,-0.23
2006/7/27,0.32
2006/7/28,-0.61
2006/7/31,0.62
2006/8/1,0.1
2006/8/2,-0.71
2006/8/3,0.12
2006/8/4,-0.12
2006/8/7,0.89
2006/8/8,0
2006/8/9,-0.03
2006/8/10,-0.74
2006/8/11,-0.16
2006/8/14,-0.04
2006/8/15,-0.84
2006/8/16,-1.01
2006/8/17,-0.17
2006/8/18,-0.6
2006/8/21,0.58
2006/8/22,-0.03
2006/8/23,0.21
2006/8/24,0
2006/8/25,-0.09
2006/8/28,-0.13
2006/8/29,0.1
2006/8/30,-0.06
2006/8/31,0.09
2006/9/1,-0.35
2006/9/5,0.67
2006/9/6,1.11
2006/9/7,0.14
2006/9/8,-0.72
2006/9/11,-0.17
2006/9/12,-1.07
2006/9/13,-0.74
2006/9/14,0.37
2006/9/15,0.21
2006/9/18,0.02
2006/9/19,0.2
2006/9/20,-0.59
2006/9/21,0.86
2006/9/22,0.34
2006/9/25,-0.47
2006/9/26,-0.59
2006/9/27,0.05
2006/9/28,0.14
2006/9/29,0.26
2006/10/2,0.59
2006/10/3,-0.33
2006/10/4,-0.38
2006/10/5,0.12
2006/10/6,-0.42
2006/10/9,0.12
2006/10/10,-0.16
2006/10/11,0.1
2006/10/12,-0.53
2006/10/13,-0.34
2006/10/16,0.34
2006/10/17,0.64
2006/10/18,-0.39
2006/10/19,-0.44
2006/10/20,-0.27
2006/10/23,0.45
2006/10/24,-0.3
2006/10/25,-0.12
2006/10/26,-0.1
2006/10/27,0.24
2006/10/30,0.4
2006/10/31,-0.1
2006/11/1,0.41
2006/11/2,-0.09
2006/11/3,-0.26
2006/11/3,0
2006/11/6,0
2006/11/7,-0.07
2006/11/8,-0.34
2006/11/9,0.26
2006/11/10,-0.22
2006/11/13,0.07
2006/11/14,-0.36
2006/11/15,-0.19
2006/11/16,-0.15
2006/11/17,-0.11
2006/11/20,-0.08
2006/11/21,-0.07
2006/11/22,0.24
2006/11/24,0.59
2006/11/27,1.57
2006/11/28,-0.68
2006/11/29,-0.79
2006/11/30,0.08
2006/12/1,0.75
2006/12/4,-0.43
2006/12/5,0.04
2006/12/6,0.06
2006/12/7,1.34
2006/12/8,-0.6
2006/12/11,-1.36
2006/12/12,-0.06
2006/12/13,-0.47
2006/12/14,-0.21
2006/12/15,0.08
2006/12/18,0.55
2006/12/19,-0.3
2006/12/20,-0.04
2006/12/21,0.27
2006/12/22,0.83
2006/12/26,-0.1
2006/12/27,-0.62
2006/12/28,0.35
2006/12/29,0.57
2007/1/3,0.48
2007/1/4,-0.53
2007/1/5,0.63
2007/1/8,-0.14
2007/1/9,-0.09
2007/1/10,-0.44
2007/1/11,-0.6
2007/1/12,-0.72
2007/1/16,0.59
2007/1/17,-0.15
2007/1/18,0.26
2007/1/19,-0.45
2007/1/22,0.37
2007/1/23,-0.43
2007/1/24,-0.45
2007/1/25,1.33
2007/1/26,-0.09
2007/1/29,0.32
2007/1/30,-0.49
2007/1/31,-0.54
2007/2/1,-0.11
2007/2/2,-0.23
2007/2/5,0.47
2007/2/6,0.1
2007/2/7,-0.33
2007/2/8,0.12
2007/2/9,0.66
2007/2/12,0.51
2007/2/13,-1.27
2007/2/14,-0.11
2007/2/15,-0.01
2007/2/16,-0.2
2007/2/20,0.22
2007/2/21,-0.04
2007/2/22,-0.02
2007/2/23,0.4
2007/2/26,0.57
2007/2/27,7.16
2007/2/28,-2.89
2007/3/1,0.4
2007/3/2,2.79
2007/3/5,1.02
2007/3/6,-3.67
2007/3/7,-0.72
2007/3/8,-0.95
2007/3/9,-0.2
2007/3/12,-0.1
2007/3/13,4.14
2007/3/14,-0.86
2007/3/15,-0.84
2007/3/16,0.36
2007/3/19,-2.2
2007/3/20,-1.32
2007/3/21,-1.08
2007/3/22,0.74
2007/3/23,0.02
2007/3/26,0.21
2007/3/27,0.32
2007/3/28,1.5
2007/3/29,0.16
2007/3/30,-0.5
2007/4/2,-0.11
2007/4/3,-1.07
2007/4/4,-0.22
2007/4/5,-0.01
2007/4/9,-0.09
2007/4/10,-0.46
2007/4/11,0.81
2007/4/12,-0.78
2007/4/13,-0.51
2007/4/16,-0.22
2007/4/17,0.16
2007/4/18,0.28
2007/4/19,0.12
2007/4/20,-0.47
2007/4/23,0.97
2007/4/24,0.08
2007/4/25,0.09
2007/4/26,-0.42
2007/4/27,-0.34
2007/4/30,1.77
2007/5/1,-0.71
2007/5/2,-0.43
2007/5/3,0.01
2007/5/4,-0.18
2007/5/7,0.24
2007/5/8,0.06
2007/5/9,-0.33
2007/5/10,0.72
2007/5/11,-0.65
2007/5/14,1.01
2007/5/15,0.05
2007/5/16,-0.51
2007/5/17,0.01
2007/5/18,-0.75
2007/5/21,0.54
2007/5/22,-0.24
2007/5/23,0.18
2007/5/24,0.84
2007/5/25,-0.74
2007/5/29,0.19
2007/5/30,-0.7
2007/5/31,0.22
2007/6/1,-0.27
2007/6/4,0.51
2007/6/5,0.34
2007/6/6,1.24
2007/6/7,2.19
2007/6/8,-2.22
2007/6/11,-0.13
2007/6/12,1.96
2007/6/13,-1.94
2007/6/14,-1.09
2007/6/15,0.3
2007/6/18,-0.52
2007/6/19,-0.57
2007/6/20,1.82
2007/6/21,-0.46
2007/6/22,1.54
2007/6/25,0.9
2007/6/26,2.24
2007/6/27,-3.36
2007/6/28,0.01
2007/6/29,0.69
2007/7/2,-0.83
2007/7/3,-0.48
2007/7/5,0.56
2007/7/6,-0.76
2007/7/9,0.44
2007/7/10,2.41
2007/7/11,-0.93
2007/7/12,-1.1
2007/7/13,-0.39
2007/7/16,0.44
2007/7/17,0.04
2007/7/18,0.37
2007/7/19,-0.77
2007/7/20,1.72
2007/7/23,-0.14
2007/7/24,1.74
2007/7/25,-0.45
2007/7/26,2.64
2007/7/27,3.43
2007/7/30,-3.3
2007/7/31,2.65
2007/8/1,0.15
2007/8/2,-2.45
2007/8/3,3.94
2007/8/6,-2.22
2007/8/7,-1.38
2007/8/8,-0.11
2007/8/9,5.03
2007/8/10,1.82
2007/8/13,-1.73
2007/8/14,1.11
2007/8/15,2.99
2007/8/16,0.16
2007/8/17,-0.84
2007/8/20,-3.66
2007/8/21,-1.08
2007/8/22,-2.36
2007/8/23,-0.27
2007/8/24,-1.9
2007/8/27,2
2007/8/28,3.58
2007/8/29,-2.49
2007/8/30,1.25
2007/8/31,-1.68
2007/9/4,-0.6
2007/9/5,1.8
2007/9/6,-0.59
2007/9/7,2.24
2007/9/10,1.15
2007/9/11,-2.11
2007/9/12,-0.31
2007/9/13,-0.2
2007/9/14,0.16
2007/9/17,1.56
2007/9/18,-6.13
2007/9/19,-0.32
2007/9/20,0.42
2007/9/21,-1.45
2007/9/24,0.37
2007/9/25,-0.77
2007/9/26,-0.97
2007/9/27,-0.63
2007/9/28,1
2007/10/1,-0.16
2007/10/2,0.65
2007/10/3,0.31
2007/10/4,-0.36
2007/10/5,-1.53
2007/10/8,0.55
2007/10/9,-1.34
2007/10/10,0.55
2007/10/11,2.21
2007/10/12,-1.15
2007/10/15,1.52
2007/10/16,0.77
2007/10/17,-1.48
2007/10/18,-0.04
2007/10/19,4.46
2007/10/22,-1.32
2007/10/23,-1.23
2007/10/24,0.39
2007/10/25,0.37
2007/10/26,-1.61
2007/10/29,0.31
2007/10/30,1.2
2007/10/31,-2.54
2007/11/1,4.68
2007/11/2,-0.2
2007/11/5,1.3
2007/11/6,-2.92
2007/11/7,5.1
2007/11/8,-0.33
2007/11/9,2.34
2007/11/12,2.59
2007/11/13,-6.99
2007/11/14,1.84
2007/11/15,2.12
2007/11/16,-2.57
2007/11/19,0.52
2007/11/20,-1.13
2007/11/21,1.96
2007/11/23,-1.23
2007/11/26,3.3
2007/11/27,-2.63
2007/11/28,-2.17
2007/11/29,-0.14
2007/11/30,-1.1
2007/12/3,0.74
2007/12/4,0.18
2007/12/5,-1.26
2007/12/6,-1.57
2007/12/7,-0.11
2007/12/10,-0.11
2007/12/11,2.85
2007/12/12,-1.12
2007/12/13,0.09
2007/12/14,0.71
2007/12/17,1.25
2007/12/18,-1.88
2007/12/19,-0.96
2007/12/20,-1.1
2007/12/21,-2.11
2007/12/24,0.13
2007/12/26,0.06
2007/12/27,1.6
2007/12/28,0.48
2007/12/31,1.76
2008/1/2,0.67
2008/1/3,-0.68
2008/1/4,1.45
2008/1/7,-0.15
2008/1/8,1.64
2008/1/9,-1.31
2008/1/10,-0.67
2008/1/11,0.23
2008/1/14,-0.78
2008/1/15,0.44
2008/1/16,1.04
2008/1/17,4.08
2008/1/18,-1.28
2008/1/22,3.83
2008/1/23,-1.99
2008/1/24,-1.24
2008/1/25,1.3
2008/1/28,-1.3
2008/1/29,-0.46
2008/1/30,0.3
2008/1/31,-1.42
2008/2/1,-2.18
2008/2/4,1.97
2008/2/5,2.25
2008/2/6,0.73
2008/2/7,-1.31
2008/2/8,0.35
2008/2/11,-0.41
2008/2/12,-1.27
2008/2/13,-1.45
2008/2/14,0.66
2008/2/15,-0.52
2008/2/19,0.57
2008/2/20,-1.19
2008/2/21,0.72
2008/2/22,-1.06
2008/2/25,-1.03
2008/2/26,-1.13
2008/2/27,0.79
2008/2/28,0.84
2008/2/29,3.01
2008/3/3,-0.26
2008/3/4,-0.76
2008/3/5,-0.92
2008/3/6,2.95
2008/3/7,-0.06
2008/3/10,1.89
2008/3/11,-3.02
2008/3/12,0.86
2008/3/13,0.07
2008/3/14,3.87
2008/3/17,1.08
2008/3/18,-6.45
2008/3/19,4.05
2008/3/20,-3.22
2008/3/24,-0.89
2008/3/25,-0.01
2008/3/26,0.36
2008/3/27,-0.2
2008/3/28,-0.17
2008/3/31,-0.1
2008/4/1,-2.93
2008/4/2,0.75
2008/4/3,-0.22
2008/4/4,-0.76
2008/4/7,-0.03
2008/4/8,-0.06
2008/4/9,0.45
2008/4/10,-0.83
2008/4/11,1.48
2008/4/14,0.36
2008/4/15,-1.04
2008/4/16,-2.25
2008/4/17,-0.16
2008/4/18,-0.24
2008/4/21,0.37
2008/4/22,0.37
2008/4/23,-0.61
2008/4/24,-0.2
2008/4/25,-0.47
2008/4/28,0.05
2008/4/29,0.6
2008/4/30,0.55
2008/5/1,-1.91
2008/5/2,-0.7
2008/5/5,0.72
2008/5/6,-0.69
2008/5/7,1.52
2008/5/8,-0.33
2008/5/9,0.01
2008/5/12,-1.62
2008/5/13,0.19
2008/5/14,-0.32
2008/5/15,-1.36
2008/5/16,0.17
2008/5/19,0.54
2008/5/20,0.57
2008/5/20,0
2008/5/21,1.01
2008/5/22,-0.54
2008/5/23,1.5
2008/5/27,0.09
2008/5/28,-0.57
2008/5/29,-0.93
2008/5/30,-0.31
2008/6/2,2
2008/6/3,0.41
2008/6/4,0.56
2008/6/5,-2.17
2008/6/6,4.93
2008/6/9,-0.44
2008/6/10,0.06
2008/6/11,0.94
2008/6/12,-0.79
2008/6/13,-2.11
2008/6/16,-0.27
2008/6/17,0.18
2008/6/18,1.11
2008/6/19,-0.66
2008/6/20,1.29
2008/6/23,-0.23
2008/6/24,-0.22
2008/6/25,-1.28
2008/6/26,2.79
2008/6/27,-0.49
2008/6/30,0.51
2008/7/1,-0.3
2008/7/2,2.27
2008/7/3,-1.13
2008/7/7,0.99
2008/7/8,-2.63
2008/7/9,2.08
2008/7/10,0.36
2008/7/11,1.9
2008/7/14,0.99
2008/7/15,0.06
2008/7/16,-3.44
2008/7/17,-0.09
2008/7/18,-0.96
2008/7/21,-1
2008/7/22,-1.87
2008/7/23,0.13
2008/7/24,2.13
2008/7/25,-0.53
2008/7/28,1.32
2008/7/29,-2.2
2008/7/30,-0.82
2008/7/31,1.73
2008/8/1,-0.37
2008/8/4,0.92
2008/8/5,-2.35
2008/8/6,-0.91
2008/8/7,0.92
2008/8/8,-0.49
2008/8/11,-0.54
2008/8/12,1.05
2008/8/13,0.38
2008/8/14,-1.21
2008/8/15,-0.76
2008/8/18,1.4
2008/8/19,0.3
2008/8/20,-0.86
2008/8/21,-0.6
2008/8/22,-1.01
2008/8/25,2.16
2008/8/26,-0.48
2008/8/27,-0.73
2008/8/28,-0.33
2008/8/29,1.22
2008/9/2,1.34
2008/9/3,-0.56
2008/9/4,2.6
2008/9/5,-0.97
2008/9/8,-0.42
2008/9/9,2.83
2008/9/10,-0.95
2008/9/11,-0.13
2008/9/12,1.27
2008/9/15,6.04
2008/9/16,-1.4
2008/9/17,5.92
2008/9/18,-3.12
2008/9/19,-1.03
2008/9/22,1.78
2008/9/23,1.87
2008/9/24,-0.53
2008/9/25,-2.37
2008/9/26,1.92
2008/9/29,11.98
2008/9/30,-7.33
2008/10/1,0.42
2008/10/2,5.45
2008/10/3,-0.12
2008/10/6,6.91
2008/10/7,1.63
2008/10/8,3.85
2008/10/9,6.39
2008/10/10,6.03
2008/10/13,-14.96
2008/10/14,0.14
2008/10/15,14.12
2008/10/16,-1.64
2008/10/17,2.72
2008/10/20,-17.36
2008/10/21,0.14
2008/10/22,16.54
2008/10/23,-1.85
2008/10/24,11.33
2008/10/27,0.93
2008/10/28,-13.1
2008/10/29,3
2008/10/30,-7.06
2008/10/31,-3.01
2008/11/3,-6.21
2008/11/4,-5.95
2008/11/5,6.83
2008/11/6,9.12
2008/11/7,-7.58
2008/11/10,3.88
2008/11/11,1.46
2008/11/12,5.02
2008/11/13,-6.63
2008/11/14,6.48
2008/11/17,2.84
2008/11/18,-1.51
2008/11/19,6.62
2008/11/20,6.6
2008/11/21,-8.19
2008/11/24,-7.97
2008/11/25,-3.8
2008/11/26,-5.98
2008/11/28,0.92
2008/12/1,12.67
2008/12/2,-5.53
2008/12/3,-2.26
2008/12/4,2.92
2008/12/5,-3.71
2008/12/8,-1.44
2008/12/9,0.42
2008/12/10,-3.18
2008/12/11,0.05
2008/12/12,-1.5
2008/12/15,2.48
2008/12/16,-4.39
2008/12/17,-2.53
2008/12/18,-2.5
2008/12/19,-2.41
2008/12/22,-0.37
2008/12/23,0.46
2008/12/24,-0.81
2008/12/26,-0.83
2008/12/29,0.52
2008/12/30,-2.27
2008/12/31,-1.63
2009/1/2,-0.81
2009/1/5,-0.11
2009/1/6,-0.52
2009/1/7,4.83
2009/1/8,-0.83
2009/1/9,0.26
2009/1/12,3.02
2009/1/13,-2.57
2009/1/14,5.87
2009/1/15,1.86
2009/1/16,-4.89
2009/1/20,10.54
2009/1/21,-10.23
2009/1/22,0.87
2009/1/23,-0.02
2009/1/26,-1.58
2009/1/27,-3.44
2009/1/28,-2.59
2009/1/29,2.97
2009/1/30,2.21
2009/2/2,0.68
2009/2/3,-2.46
2009/2/4,0.79
2009/2/5,-0.12
2009/2/6,-0.36
2009/2/9,0.27
2009/2/10,3.03
2009/2/11,-2.14
2009/2/12,-3.28
2009/2/13,1.68
2009/2/17,5.73
2009/2/18,-0.2
2009/2/19,-1.38
2009/2/20,2.22
2009/2/23,3.32
2009/2/24,-7.13
2009/2/25,-0.82
2009/2/26,-0.01
2009/2/27,1.69
2009/3/2,6.3
2009/3/3,-1.72
2009/3/4,-3.37
2009/3/5,2.61
2009/3/6,-0.84
2009/3/9,0.35
2009/3/10,-5.31
2009/3/11,-0.76
2009/3/12,-2.43
2009/3/13,1.18
2009/3/16,1.38
2009/3/17,-2.94
2009/3/18,-0.74
2009/3/19,3.62
2009/3/20,2.21
2009/3/23,-2.66
2009/3/24,-0.3
2009/3/25,-0.68
2009/3/26,-1.89
2009/3/27,0.68
2009/3/30,4.5
2009/3/31,-1.4
2009/4/1,-1.86
2009/4/2,-0.24
2009/4/3,-2.34
2009/4/6,1.23
2009/4/7,-0.54
2009/4/8,-1.54
2009/4/9,-2.32
2009/4/13,1.28
2009/4/14,-0.14
2009/4/15,-1.5
2009/4/16,-0.38
2009/4/17,-1.85
2009/4/20,5.24
2009/4/21,-2.04
2009/4/22,0.96
2009/4/23,-0.95
2009/4/24,-0.33
2009/4/27,1.5
2009/4/28,-0.37
2009/4/29,-1.87
2009/4/30,0.42
2009/5/1,-1.2
2009/5/4,-0.77
2009/5/5,-1.17
2009/5/6,-0.91
2009/5/7,0.99
2009/5/8,-1.39
2009/5/11,0.82
2009/5/12,-1.07
2009/5/13,1.85
2009/5/14,-2.28
2009/5/15,1.75
2009/5/18,-2.88
2009/5/19,-1.44
2009/5/20,0.23
2009/5/21,2.32
2009/5/22,1.28
2009/5/26,-2.01
2009/5/27,1.74
2009/5/28,-0.69
2009/5/29,-2.75
2009/6/1,1.12
2009/6/2,-0.41
2009/6/3,1.39
2009/6/4,-0.84
2009/6/5,-0.56
2009/6/8,0.15
2009/6/9,-1.5
2009/6/10,0.19
2009/6/11,-0.35
2009/6/12,0.04
2009/6/15,2.66
2009/6/16,1.87
2009/6/17,-1.14
2009/6/18,-1.51
2009/6/19,-2.04
2009/6/22,3.18
2009/6/23,-0.59
2009/6/24,-1.53
2009/6/25,-2.69
2009/6/26,-0.43
2009/6/29,-0.58
2009/6/30,1
2009/7/1,-0.13
2009/7/2,1.73
2009/7/6,1.05
2009/7/7,1.85
2009/7/8,0.45
2009/7/9,-1.52
2009/7/10,-0.76
2009/7/13,-2.71
2009/7/14,-1.29
2009/7/15,0.87
2009/7/16,-0.47
2009/7/17,-1.08
2009/7/20,0.06
2009/7/21,-0.53
2009/7/22,-0.4
2009/7/23,-0.04
2009/7/24,-0.34
2009/7/27,1.19
2009/7/28,0.73
2009/7/29,0.6
2009/7/30,-0.21
2009/7/31,0.52
2009/8/3,-0.36
2009/8/4,-0.67
2009/8/5,0.01
2009/8/6,0.77
2009/8/7,-0.91
2009/8/10,0.23
2009/8/11,1
2009/8/12,-0.54
2009/8/13,-0.74
2009/8/14,-0.44
2009/8/17,3.62
2009/8/18,-1.71
2009/8/19,0.08
2009/8/20,-1.17
2009/8/21,-0.08
2009/8/24,0.13
2009/8/25,-0.22
2009/8/26,0.03
2009/8/27,-0.27
2009/8/28,0.08
2009/8/31,1.25
2009/9/1,3.14
2009/9/2,-0.25
2009/9/3,-1.8
2009/9/4,-1.84
2009/9/8,0.36
2009/9/9,-1.3
2009/9/10,-0.77
2009/9/11,0.6
2009/9/14,-0.29
2009/9/15,-0.44
2009/9/16,0.27
2009/9/17,-0.04
2009/9/18,0.27
2009/9/21,0.14
2009/9/22,-0.98
2009/9/23,0.41
2009/9/24,1.46
2009/9/25,0.66
2009/9/28,-0.73
2009/9/29,0.31
2009/9/30,0.42
2009/10/1,2.66
2009/10/2,0.41
2009/10/5,-1.84
2009/10/6,-1.14
2009/10/7,-1.02
2009/10/8,-0.5
2009/10/9,-1.06
2009/10/12,-0.11
2009/10/13,-0.02
2009/10/14,-0.13
2009/10/15,-1.14
2009/10/16,-0.29
2009/10/19,0.06
2009/10/20,-0.59
2009/10/21,1.32
2009/10/22,-1.53
2009/10/23,1.58
2009/10/26,2.04
2009/10/27,0.52
2009/10/28,3.08
2009/10/29,-3.15
2009/10/30,5.93
2009/11/2,-0.91
2009/11/3,-0.97
2009/11/4,-1.09
2009/11/5,-2.29
2009/11/6,-1.24
2009/11/9,-1.04
2009/11/10,-0.31
2009/11/11,0.2
2009/11/12,1.2
2009/11/13,-0.88
2009/11/16,-0.47
2009/11/17,-0.48
2009/11/18,-0.78
2009/11/19,1
2009/11/20,-0.44
2009/11/23,-1.03
2009/11/24,-0.69
2009/11/25,0.01
2009/11/27,4.37
2009/11/30,-0.34
2009/12/1,-2.59
2009/12/2,-0.8
2009/12/3,1.34
2009/12/4,-1.21
2009/12/7,0.85
2009/12/8,1.59
2009/12/9,-1.03
2009/12/10,-0.34
2009/12/11,-0.73
2009/12/14,-0.44
2009/12/15,0.34
2009/12/16,-0.95
2009/12/17,1.97
2009/12/18,-0.83
2009/12/21,-1.19
2009/12/22,-0.95
2009/12/23,0.17
2009/12/24,-0.24
2009/12/28,0.46
2009/12/29,0.08
2009/12/30,-0.05
2009/12/31,1.72
2010/1/4,-1.64
2010/1/5,-0.69
2010/1/6,-0.19
2010/1/7,-0.1
2010/1/8,-0.93
2010/1/11,-0.58
2010/1/12,0.7
2010/1/13,-0.4
2010/1/14,-0.22
2010/1/15,0.28
2010/1/19,-0.33
2010/1/20,1.1
2010/1/21,3.59
2010/1/22,5.04
2010/1/25,-1.9
2010/1/26,-0.86
2010/1/27,-1.41
2010/1/28,0.59
2010/1/29,0.89
2010/2/1,-2.03
2010/2/2,-1.11
2010/2/3,0.12
2010/2/4,4.48
2010/2/5,0.03
2010/2/8,0.4
2010/2/9,-0.51
2010/2/10,-0.6
2010/2/11,-1.44
2010/2/12,-1.23
2010/2/16,-0.48
2010/2/17,-0.53
2010/2/18,-1.09
2010/2/19,-0.61
2010/2/22,-0.08
2010/2/23,1.43
2010/2/24,-1.1
2010/2/25,-0.17
2010/2/26,-0.6
2010/3/1,-0.24
2010/3/2,-0.2
2010/3/3,-0.23
2010/3/4,-0.11
2010/3/5,-1.3
2010/3/8,0.37
2010/3/9,0.13
2010/3/10,0.65
2010/3/11,-0.51
2010/3/12,-0.48
2010/3/15,0.42
2010/3/16,-0.31
2010/3/17,-0.78
2010/3/18,-0.29
2010/3/19,0.35
2010/3/22,-0.1
2010/3/23,-0.52
2010/3/24,1.2
2010/3/25,0.85
2010/3/26,-0.63
2010/3/29,-0.18
2010/3/30,-0.46
2010/3/31,0.46
2010/4/1,-0.12
2010/4/5,-0.45
2010/4/6,-0.79
2010/4/7,0.39
2010/4/8,-0.14
2010/4/9,-0.34
2010/4/12,-0.56
2010/4/13,0.62
2010/4/14,-0.61
2010/4/15,0.3
2010/4/16,2.47
2010/4/19,-1.02
2010/4/20,-1.61
2010/4/21,0.59
2010/4/22,0.15
2010/4/23,0.15
2010/4/26,0.85
2010/4/27,5.34
2010/4/28,-1.73
2010/4/29,-2.64
2010/4/30,3.61
2010/5/3,-1.86
2010/5/4,3.65
2010/5/5,1.07
2010/5/6,7.89
2010/5/7,8.15
2010/5/10,-12.11
2010/5/11,-0.52
2010/5/12,-2.8
2010/5/13,1.16
2010/5/14,4.56
2010/5/17,-0.4
2010/5/18,2.71
2010/5/19,1.77
2010/5/20,10.47
2010/5/21,-5.69
2010/5/24,-1.78
2010/5/25,-3.71
2010/5/26,0.41
2010/5/27,-5.34
2010/5/28,2.39
2010/6/1,3.47
2010/6/2,-5.37
2010/6/3,-0.71
2010/6/4,6.02
2010/6/7,1.09
2010/6/8,-2.87
2010/6/9,0.03
2010/6/10,-3.16
2010/6/11,-1.78
2010/6/14,-0.21
2010/6/15,-2.71
2010/6/16,0.05
2010/6/17,-0.87
2010/6/18,-1.1
2010/6/21,0.93
2010/6/22,2.17
2010/6/23,-0.14
2010/6/24,2.83
2010/6/25,-1.21
2010/6/28,0.47
2010/6/29,5.13
2010/6/30,0.41
2010/7/1,-1.68
2010/7/2,-2.74
2010/7/6,-0.47
2010/7/7,-2.81
2010/7/8,-1.13
2010/7/9,-0.73
2010/7/12,-0.55
2010/7/13,0.13
2010/7/14,0.33
2010/7/15,0.25
2010/7/16,1.11
2010/7/19,-0.28
2010/7/20,-2.04
2010/7/21,1.71
2010/7/22,-1.01
2010/7/23,-1.16
2010/7/26,-0.74
2010/7/27,0.46
2010/7/28,1.06
2010/7/29,-0.12
2010/7/30,-0.63
2010/8/2,-1.49
2010/8/3,0.62
2010/8/4,-0.42
2010/8/5,-0.11
2010/8/6,-0.36
2010/8/9,0.4
2010/8/10,0.23
2010/8/11,3.02
2010/8/12,0.34
2010/8/13,0.51
2010/8/16,-0.14
2010/8/17,-1.77
2010/8/18,0.26
2010/8/19,1.85
2010/8/20,-0.95
2010/8/23,0.17
2010/8/24,1.8
2010/8/25,-0.76
2010/8/26,0.67
2010/8/27,-2.92
2010/8/30,2.76
2010/8/31,-1.16
2010/9/1,-2.16
2010/9/2,-0.7
2010/9/3,-1.88
2010/9/7,2.49
2010/9/8,-0.55
2010/9/9,-0.44
2010/9/10,-0.82
2010/9/13,-0.78
2010/9/14,0.35
2010/9/15,0.54
2010/9/16,-0.38
2010/9/17,0.29
2010/9/20,-0.51
2010/9/21,0.85
2010/9/22,0.16
2010/9/23,1.36
2010/9/24,-2.16
2010/9/27,0.83
2010/9/28,0.06
2010/9/29,0.65
2010/9/30,0.45
2010/10/1,-1.2
2010/10/4,1.03
2010/10/5,-1.77
2010/10/6,-0.27
2010/10/7,0.07
2010/10/8,-0.85
2010/10/11,-1.75
2010/10/12,-0.03
2010/10/13,0.14
2010/10/14,0.81
2010/10/15,-0.85
2010/10/18,0.06
2010/10/19,1.54
2010/10/20,-0.84
2010/10/21,-0.52
2010/10/22,-0.49
2010/10/25,1.07
2010/10/26,0.37
2010/10/27,0.49
2010/10/28,0.17
2010/10/29,0.32
2010/11/1,0.63
2010/11/2,-0.26
2010/11/3,-2.01
2010/11/4,-1.04
2010/11/5,-0.26
2010/11/8,0.03
2010/11/9,0.79
2010/11/10,-0.61
2010/11/11,0.17
2010/11/12,1.97
2010/11/15,-0.41
2010/11/16,2.38
2010/11/17,-0.82
2010/11/18,-3.01
2010/11/19,-0.71
2010/11/22,0.33
2010/11/23,2.26
2010/11/24,-1.07
2010/11/26,2.66
2010/11/29,-0.69
2010/11/30,2.01
2010/12/1,-2.18
2010/12/2,-1.97
2010/12/3,-1.38
2010/12/6,0.01
2010/12/7,-0.03
2010/12/8,-0.25
2010/12/9,-0.49
2010/12/10,0.36
2010/12/13,-0.06
2010/12/14,0.06
2010/12/15,0.33
2010/12/16,-0.55
2010/12/17,-1.28
2010/12/20,0.3
2010/12/21,0.08
2010/12/22,-1.04
2010/12/23,1.02
2010/12/27,1.2
2010/12/28,-0.15
2010/12/29,-0.24
2010/12/30,0.24
2010/12/31,0.23
2011/1/3,-0.14
2011/1/4,-0.23
2011/1/5,-0.36
2011/1/6,0.38
2011/1/7,-0.26
2011/1/10,0.4
2011/1/11,-0.65
2011/1/12,-0.65
2011/1/13,0.15
2011/1/14,-0.93
2011/1/18,0.41
2011/1/19,1.44
2011/1/20,0.68
2011/1/21,0.48
2011/1/24,-0.82
2011/1/25,-0.06
2011/1/26,-0.95
2011/1/27,-0.49
2011/1/28,3.89
2011/1/31,-0.51
2011/2/1,-1.9
2011/2/2,-0.33
2011/2/3,-0.61
2011/2/4,-0.76
2011/2/7,0.35
2011/2/8,-0.47
2011/2/9,0.06
2011/2/10,0.22
2011/2/11,-0.4
2011/2/14,0.26
2011/2/15,0.42
2011/2/16,0.35
2011/2/17,-0.13
2011/2/18,-0.16
2011/2/22,4.37
2011/2/23,1.33
2011/2/24,-0.81
2011/2/25,-2.1
2011/2/28,-0.87
2011/3/1,2.66
2011/3/2,-0.31
2011/3/3,-2.1
2011/3/4,0.46
2011/3/7,1.6
2011/3/8,-0.84
2011/3/9,0.4
2011/3/10,1.66
2011/3/11,-1.8
2011/3/14,1.05
2011/3/15,3.19
2011/3/16,5.08
2011/3/17,-3.03
2011/3/18,-1.93
2011/3/21,-3.83
2011/3/22,-0.4
2011/3/23,-1.04
2011/3/24,-1.17
2011/3/25,-0.09
2011/3/28,1.53
2011/3/29,-1.28
2011/3/30,-0.45
2011/3/31,0.03
2011/4/1,-0.34
2011/4/4,0.1
2011/4/5,-0.25
2011/4/6,-0.35
2011/4/7,0.21
2011/4/8,0.76
2011/4/11,-1.28
2011/4/12,0.5
2011/4/13,-0.17
2011/4/14,-0.65
2011/4/15,-0.95
2011/4/18,1.64
2011/4/19,-1.13
2011/4/20,-0.76
2011/4/21,-0.38
2011/4/25,1.08
2011/4/26,-0.15
2011/4/27,-0.27
2011/4/28,-0.73
2011/4/29,0.13
2011/5/2,1.24
2011/5/3,0.71
2011/5/4,0.38
2011/5/5,1.12
2011/5/6,0.2
2011/5/9,-1.24
2011/5/10,-1.25
2011/5/11,1.04
2011/5/12,-0.92
2011/5/13,1.04
2011/5/16,1.17
2011/5/17,-0.69
2011/5/18,-1.32
2011/5/19,-0.71
2011/5/20,1.91
2011/5/23,0.84
2011/5/24,-0.45
2011/5/25,-0.75
2011/5/26,-0.98
2011/5/27,-0.11
2011/5/31,-0.53
2011/6/1,2.85
2011/6/2,-0.21
2011/6/3,-0.14
2011/6/6,0.54
2011/6/7,-0.42
2011/6/8,0.72
2011/6/9,-1.02
2011/6/10,1.09
2011/6/13,0.75
2011/6/14,-1.35
2011/6/15,3.06
2011/6/16,1.41
2011/6/17,-0.88
2011/6/20,-1.86
2011/6/21,-1.13
2011/6/22,-0.34
2011/6/23,0.77
2011/6/24,1.81
2011/6/27,-0.54
2011/6/28,-1.39
2011/6/29,-1.9
2011/6/30,-0.75
2011/7/1,-0.65
2011/7/5,0.19
2011/7/6,0.28
2011/7/7,-0.39
2011/7/8,0
2011/7/11,2.44
2011/7/12,1.48
2011/7/13,0.04
2011/7/14,0.89
2011/7/15,-1.27
2011/7/18,1.42
2011/7/19,-1.74
2011/7/20,-0.12
2011/7/21,-1.53
2011/7/22,-0.04
2011/7/25,1.83
2011/7/26,0.88
2011/7/27,2.75
2011/7/28,0.76
2011/7/29,1.51
2011/8/1,-1.59
2011/8/2,1.13
2011/8/3,-1.41
2011/8/4,8.28
2011/8/5,0.34
2011/8/8,16
2011/8/9,-12.94
2011/8/10,7.93
2011/8/11,-3.99
2011/8/12,-2.64
2011/8/15,-4.49
2011/8/16,0.98
2011/8/17,-1.27
2011/8/18,11.09
2011/8/19,0.38
2011/8/22,-0.61
2011/8/23,-6.17
2011/8/24,-0.37
2011/8/25,3.86
2011/8/26,-4.17
2011/8/29,-3.31
2011/8/30,0.61
2011/8/31,-1.27
2011/9/1,0.2
2011/9/2,2.1
2011/9/6,3.08
2011/9/7,-3.62
2011/9/8,0.94
2011/9/9,4.2
2011/9/12,0.07
2011/9/13,-1.68
2011/9/14,-2.31
2011/9/15,-2.63
2011/9/16,-0.99
2011/9/19,1.75
2011/9/20,0.13
2011/9/21,4.46
2011/9/22,4.03
2011/9/23,-0.1
2011/9/26,-2.23
2011/9/27,-1.31
2011/9/28,3.37
2011/9/29,-2.24
2011/9/30,4.12
2011/10/3,2.49
2011/10/4,-4.63
2011/10/5,-3.01
2011/10/6,-1.54
2011/10/7,-0.07
2011/10/10,-3.18
2011/10/11,-0.16
2011/10/12,-1.6
2011/10/13,-0.56
2011/10/14,-2.46
2011/10/17,5.15
2011/10/18,-1.83
2011/10/19,2.88
2011/10/20,0.34
2011/10/21,-3.46
2011/10/24,-2.06
2011/10/25,2.96
2011/10/26,-2.36
2011/10/27,-4.4
2011/10/28,-0.93
2011/10/31,5.43
2011/11/1,4.81
2011/11/2,-2.03
2011/11/3,-2.24
2011/11/4,-0.34
2011/11/7,-0.31
2011/11/8,-2.37
2011/11/9,8.68
2011/11/10,-3.35
2011/11/11,-2.77
2011/11/14,1.09
2011/11/15,0.09
2011/11/16,2.29
2011/11/17,1
2011/11/18,-2.51
2011/11/21,0.91
2011/11/22,-0.94
2011/11/23,2.01
2011/11/25,0.49
2011/11/28,-2.34
2011/11/29,-1.49
2011/11/30,-2.84
2011/12/1,-0.39
2011/12/2,0.11
2011/12/5,0.32
2011/12/6,0.29
2011/12/7,0.54
2011/12/8,1.92
2011/12/9,-4.21
2011/12/12,-0.71
2011/12/13,-0.26
2011/12/14,0.63
2011/12/15,-0.93
2011/12/16,-0.82
2011/12/19,0.63
2011/12/20,-1.7
2011/12/21,-1.79
2011/12/22,-0.27
2011/12/23,-0.43
2011/12/27,1.18
2011/12/28,1.61
2011/12/29,-0.87
2011/12/30,0.75
2012/1/3,-0.43
2012/1/4,-0.75
2012/1/5,-0.74
2012/1/6,-0.85
2012/1/9,0.44
2012/1/10,-0.38
2012/1/11,0.36
2012/1/12,-0.58
2012/1/13,0.44
2012/1/17,1.29
2012/1/18,-1.31
2012/1/19,-1.02
2012/1/20,-1.59
2012/1/23,0.39
2012/1/24,0.24
2012/1/25,-0.6
2012/1/26,0.26
2012/1/27,-0.04
2012/1/30,0.87
2012/1/31,0.04
2012/2/1,-0.89
2012/2/2,-0.57
2012/2/3,-0.88
2012/2/6,0.66
2012/2/7,-0.11
2012/2/8,0.51
2012/2/9,0.47
2012/2/10,2.16
2012/2/13,-1.75
2012/2/14,0.5
2012/2/15,1.6
2012/2/16,-1.92
2012/2/17,-1.44
2012/2/21,0.41
2012/2/22,0
2012/2/23,-1.39
2012/2/24,0.51
2012/2/27,0.88
2012/2/28,-0.23
2012/2/29,0.47
2012/3/1,-1.17
2012/3/2,0.03
2012/3/5,0.76
2012/3/6,2.82
2012/3/7,-1.8
2012/3/8,-1.12
2012/3/9,-0.84
2012/3/12,-1.47
2012/3/13,-0.84
2012/3/14,0.51
2012/3/15,0.11
2012/3/16,-0.95
2012/3/19,0.57
2012/3/20,0.54
2012/3/21,-0.45
2012/3/22,0.44
2012/3/23,-0.75
2012/3/26,-0.56
2012/3/27,1.33
2012/3/28,-0.12
2012/3/29,0.01
2012/3/30,0.02
2012/4/2,0.14
2012/4/3,0.02
2012/4/4,0.78
2012/4/5,0.26
2012/4/9,2.11
2012/4/10,1.58
2012/4/11,-0.37
2012/4/12,-2.82
2012/4/13,2.35
2012/4/16,0
2012/4/17,-1.09
2012/4/18,0.18
2012/4/19,-0.28
2012/4/20,-0.92
2012/4/23,1.53
2012/4/24,-0.87
2012/4/25,-1.28
2012/4/26,-0.58
2012/4/27,0.08
2012/4/30,0.83
2012/5/1,-0.55
2012/5/2,0.28
2012/5/3,0.68
2012/5/4,1.6
2012/5/7,-0.22
2012/5/8,0.11
2012/5/9,1.03
2012/5/10,-1.25
2012/5/11,1.06
2012/5/14,1.98
2012/5/15,0.1
2012/5/16,0.3
2012/5/17,2.22
2012/5/18,0.61
2012/5/21,-3.09
2012/5/22,0.47
2012/5/23,-0.15
2012/5/24,-0.79
2012/5/25,0.22
2012/5/29,-0.73
2012/5/30,3.11
2012/5/31,-0.08
2012/6/1,2.6
2012/6/4,-0.54
2012/6/5,-1.44
2012/6/6,-2.52
2012/6/7,-0.44
2012/6/8,-0.49
2012/6/11,2.33
2012/6/12,-1.47
2012/6/13,2.18
2012/6/14,-2.59
2012/6/15,-0.57
2012/6/18,-2.79
2012/6/19,0.06
2012/6/20,-1.14
2012/6/21,2.84
2012/6/22,-1.97
2012/6/25,2.27
2012/6/26,-0.66
2012/6/27,-0.27
2012/6/28,0.26
2012/6/29,-2.63
2012/7/2,-0.28
2012/7/3,-0.14
2012/7/5,0.84
2012/7/6,-0.4
2012/7/9,0.88
2012/7/10,0.74
2012/7/11,-0.77
2012/7/12,0.38
2012/7/13,-1.59
2012/7/16,0.37
2012/7/17,-0.63
2012/7/18,-0.32
2012/7/19,-0.71
2012/7/20,0.82
2012/7/23,2.35
2012/7/24,1.85
2012/7/25,-1.13
2012/7/26,-1.81
2012/7/27,-0.83
2012/7/30,1.33
2012/7/31,0.9
2012/8/1,0.03
2012/8/2,-1.39
2012/8/3,-1.93
2012/8/6,0.31
2012/8/7,0.04
2012/8/8,-0.67
2012/8/9,-0.04
2012/8/10,-0.54
2012/8/13,-1.04
2012/8/14,1.15
2012/8/15,-0.22
2012/8/16,-0.34
2012/8/17,-0.84
2012/8/20,0.57
2012/8/21,1
2012/8/22,0.09
2012/8/23,0.85
2012/8/24,-0.78
2012/8/27,1.17
2012/8/28,0.14
2012/8/29,0.57
2012/8/30,0.77
2012/8/31,-0.36
2012/9/4,0.51
2012/9/5,-0.24
2012/9/6,-2.14
2012/9/7,-1.22
2012/9/10,1.9
2012/9/11,0.13
2012/9/12,-0.61
2012/9/13,-1.75
2012/9/14,0.46
2012/9/17,0.08
2012/9/18,-0.41
2012/9/19,-0.3
2012/9/20,0.19
2012/9/21,-0.09
2012/9/24,0.17
2012/9/25,1.28
2012/9/26,1.38
2012/9/27,-1.97
2012/9/28,0.89
2012/10/1,0.59
2012/10/2,-0.61
2012/10/3,-0.28
2012/10/4,-0.88
2012/10/5,-0.22
2012/10/8,0.78
2012/10/9,1.26
2012/10/10,-0.08
2012/10/11,-0.7
2012/10/12,0.55
2012/10/15,-0.87
2012/10/16,-0.05
2012/10/17,-0.15
2012/10/18,-0.04
2012/10/19,2.03
2012/10/22,-0.44
2012/10/23,2.21
2012/10/24,-0.5
2012/10/25,-0.21
2012/10/26,-0.31
2012/10/31,0.79
2012/11/1,-1.91
2012/11/2,0.9
2012/11/5,0.83
2012/11/6,-0.84
2012/11/7,1.5
2012/11/8,-0.59
2012/11/9,0.12
2012/11/12,-1.93
2012/11/13,-0.03
2012/11/14,1.27
2012/11/15,0.07
2012/11/16,-1.58
2012/11/19,-1.17
2012/11/20,-0.16
2012/11/21,0.23
2012/11/23,-0.17
2012/11/26,0.36
2012/11/27,0.42
2012/11/28,-0.41
2012/11/29,-0.45
2012/11/30,0.81
2012/12/3,0.77
2012/12/4,0.48
2012/12/5,-0.66
2012/12/6,0.12
2012/12/7,-0.68
2012/12/10,0.15
2012/12/11,-0.48
2012/12/12,0.38
2012/12/13,0.61
2012/12/14,0.44
2012/12/17,-0.66
2012/12/18,-0.77
2012/12/19,1.79
2012/12/20,0.31
2012/12/21,0.17
2012/12/24,0
2012/12/26,1.64
2012/12/27,-0.01
2012/12/28,3.25
2012/12/31,-4.7
2013/1/2,-3.34
2013/1/3,-0.12
2013/1/4,-0.73
2013/1/7,-0.04
2013/1/8,-0.17
2013/1/9,0.19
2013/1/10,-0.32
2013/1/11,-0.13
2013/1/14,0.16
2013/1/15,0.03
2013/1/16,-0.13
2013/1/17,0.15
2013/1/18,-1.11
2013/1/22,-0.03
2013/1/23,0.03
2013/1/24,0.23
2013/1/25,0.2
2013/1/28,0.68
2013/1/29,-0.26
2013/1/30,1.01
2013/1/31,-0.04
2013/2/1,-1.38
2013/2/4,1.77
2013/2/5,-0.95
2013/2/6,-0.31
2013/2/7,0.09
2013/2/8,-0.48
2013/2/11,-0.08
2013/2/12,-0.3
2013/2/13,0.34
2013/2/14,-0.32
2013/2/15,-0.2
2013/2/19,-0.15
2013/2/20,2.37
2013/2/21,0.54
2013/2/22,-1.05
2013/2/25,4.82
2013/2/26,-2.12
2013/2/27,-2.14
2013/2/28,0.78
2013/3/1,-0.15
2013/3/4,-1.35
2013/3/5,-0.53
2013/3/6,0.05
2013/3/7,-0.47
2013/3/8,-0.47
2013/3/11,-1.03
2013/3/12,0.71
2013/3/13,-0.44
2013/3/14,-0.53
2013/3/15,0
2013/3/18,2.06
2013/3/19,1.03
2013/3/20,-1.72
2013/3/21,1.32
2013/3/22,-0.42
2013/3/25,0.17
2013/3/26,-0.97
2013/3/27,0.38
2013/3/28,-0.45
2013/4/1,0.88
2013/4/2,-0.8
2013/4/3,1.43
2013/4/4,-0.32
2013/4/5,0.03
2013/4/8,-0.73
2013/4/9,-0.35
2013/4/10,-0.48
2013/4/11,-0.12
2013/4/12,-0.18
2013/4/15,5.21
2013/4/16,-3.31
2013/4/17,2.55
2013/4/18,1.05
2013/4/19,-2.59
2013/4/22,-0.58
2013/4/23,-0.91
2013/4/24,0.13
2013/4/25,0.01
2013/4/26,-0.01
2013/4/29,0.1
2013/4/30,-0.19
2013/5/1,0.97
2013/5/2,-0.9
2013/5/3,-0.74
2013/5/6,-0.19
2013/5/7,0.17
2013/5/8,-0.17
2013/5/9,0.47
2013/5/10,-0.54
2013/5/13,-0.04
2013/5/14,0.22
2013/5/15,0.04
2013/5/16,0.26
2013/5/17,-0.62
2013/5/20,0.57
2013/5/21,0.35
2013/5/22,0.45
2013/5/23,0.25
2013/5/24,-0.08
2013/5/28,0.49
2013/5/29,0.35
2013/5/30,-0.3
2013/5/31,1.77
2013/6/3,-0.02
2013/6/4,-0.01
2013/6/5,1.23
2013/6/6,-0.87
2013/6/7,-1.49
2013/6/10,0.3
2013/6/11,1.63
2013/6/12,1.52
2013/6/13,-2.18
2013/6/14,0.74
2013/6/17,-0.35
2013/6/18,-0.19
2013/6/19,0.03
2013/6/20,3.85
2013/6/21,-1.59
2013/6/24,1.21
2013/6/25,-1.64
2013/6/26,-1.26
2013/6/27,-0.35
2013/6/28,0
2013/7/1,-0.49
2013/7/2,0.07
2013/7/3,-0.24
2013/7/5,-1.31
2013/7/8,-0.11
2013/7/9,-0.43
2013/7/10,-0.14
2013/7/11,-0.2
2013/7/12,-0.17
2013/7/15,-0.05
2013/7/16,0.63
2013/7/17,-0.64
2013/7/18,-0.01
2013/7/19,-1.23
2013/7/22,-0.25
2013/7/23,0.37
2013/7/24,0.52
2013/7/25,-0.21
2013/7/26,-0.25
2013/7/29,0.67
2013/7/30,0
2013/7/31,0.06
2013/8/1,-0.51
2013/8/2,-0.96
2013/8/5,-0.14
2013/8/6,0.88
2013/8/7,0.26
2013/8/8,-0.25
2013/8/9,0.68
2013/8/12,-0.6
2013/8/13,-0.5
2013/8/14,0.73
2013/8/15,1.69
2013/8/16,-0.36
2013/8/19,0.73
2013/8/20,-0.19
2013/8/21,1.03
2013/8/22,-1.18
2013/8/23,-0.78
2013/8/26,1.01
2013/8/27,1.78
2013/8/28,-0.28
2013/8/29,0.32
2013/8/30,0.2
2013/9/3,-0.4
2013/9/4,-0.73
2013/9/5,-0.11
2013/9/6,0.08
2013/9/9,-0.22
2013/9/10,-1.1
2013/9/11,-0.71
2013/9/12,0.47
2013/9/13,-0.13
2013/9/16,0.22
2013/9/17,0.15
2013/9/18,-0.94
2013/9/19,-0.43
2013/9/20,-0.04
2013/9/23,1.19
2013/9/24,-0.23
2013/9/25,-0.07
2013/9/26,0.05
2013/9/27,1.4
2013/9/30,1.14
2013/10/1,-1.06
2013/10/2,1.06
2013/10/3,1.07
2013/10/4,-0.93
2013/10/7,2.67
2013/10/8,0.93
2013/10/9,-0.74
2013/10/10,-3.12
2013/10/11,-0.76
2013/10/14,0.35
2013/10/15,2.59
2013/10/16,-3.95
2013/10/17,-1.23
2013/10/18,-0.44
2013/10/21,0.12
2013/10/22,0.17
2013/10/23,0.09
2013/10/24,-0.22
2013/10/25,-0.11
2013/10/28,0.22
2013/10/29,0.1
2013/10/30,0.24
2013/10/31,0.1
2013/11/1,-0.47
2013/11/4,-0.35
2013/11/5,0.34
2013/11/6,-0.6
2013/11/7,1.24
2013/11/8,-1.01
2013/11/11,-0.37
2013/11/12,0.29
2013/11/13,-0.3
2013/11/14,-0.15
2013/11/15,-0.18
2013/11/18,0.91
2013/11/19,0.29
2013/11/20,0.01
2013/11/21,-0.74
2013/11/22,-0.4
2013/11/25,0.53
2013/11/26,0.02
2013/11/27,0.17
2013/11/29,0.72
2013/12/2,0.53
2013/12/3,0.32
2013/12/4,0.15
2013/12/5,0.38
2013/12/6,-1.29
2013/12/9,-0.3
2013/12/10,0.42
2013/12/11,1.51
2013/12/12,0.12
2013/12/13,0.22
2013/12/16,0.27
2013/12/17,0.18
2013/12/18,-2.41
2013/12/19,0.35
2013/12/20,-0.36
2013/12/23,-0.75
2013/12/24,-0.56
2013/12/26,-0.15
2013/12/27,0.13
2013/12/30,1.1
2013/12/31,0.16
2014/1/2,0.51
2014/1/3,-0.47
2014/1/6,-0.21
2014/1/7,-0.63
2014/1/8,-0.05
2014/1/9,0.02
2014/1/10,-0.75
2014/1/13,1.14
2014/1/14,-1
2014/1/15,0
2014/1/16,0.25
2014/1/17,-0.09
2014/1/21,0.43
2014/1/22,-0.03
2014/1/23,0.93
2014/1/24,4.37
2014/1/27,-0.72
2014/1/28,-1.62
2014/1/29,1.55
2014/1/30,-0.06
2014/1/31,1.12
2014/2/3,3.03
2014/2/4,-2.33
2014/2/5,0.84
2014/2/6,-2.72
2014/2/7,-1.94
2014/2/10,-0.03
2014/2/11,-0.75
2014/2/12,-0.21
2014/2/13,-0.16
2014/2/14,-0.57
2014/2/18,0.3
2014/2/19,1.63
2014/2/20,-0.71
2014/2/21,-0.11
2014/2/24,-0.45
2014/2/25,-0.56
2014/2/26,0.68
2014/2/27,-0.31
2014/2/28,-0.04
2014/3/3,2
2014/3/4,-1.9
2014/3/5,-0.21
2014/3/6,0.32
2014/3/7,-0.1
2014/3/10,0.09
2014/3/11,0.6
2014/3/12,-0.33
2014/3/13,1.75
2014/3/14,1.6
2014/3/17,-2.18
2014/3/18,-1.12
2014/3/19,0.6
2014/3/20,-0.6
2014/3/21,0.48
2014/3/24,0.09
2014/3/25,-1.07
2014/3/26,0.91
2014/3/27,-0.31
2014/3/28,-0.21
2014/3/31,-0.53
2014/4/1,-0.78
2014/4/2,-0.01
2014/4/3,0.28
2014/4/4,0.59
2014/4/7,1.61
2014/4/8,-0.68
2014/4/9,-1.07
2014/4/10,2.07
2014/4/11,1.14
2014/4/14,-0.92
2014/4/15,-0.5
2014/4/16,-1.43
2014/4/17,-0.82
2014/4/21,-0.11
2014/4/22,-0.06
2014/4/23,0.08
2014/4/24,0.05
2014/4/25,0.74
2014/4/28,-0.09
2014/4/29,-0.26
2014/4/30,-0.3
2014/5/1,-0.16
2014/5/2,-0.34
2014/5/5,0.38
2014/5/6,0.51
2014/5/7,-0.4
2014/5/8,0.03
2014/5/9,-0.51
2014/5/12,-0.69
2014/5/13,-0.1
2014/5/14,0.04
2014/5/15,1
2014/5/16,-0.73
2014/5/19,-0.02
2014/5/20,0.54
2014/5/21,-1.05
2014/5/22,0.12
2014/5/23,-0.67
2014/5/27,0.15
2014/5/28,0.17
2014/5/29,-0.11
2014/5/30,-0.17
2014/6/2,0.18
2014/6/3,0.29
2014/6/4,0.21
2014/6/5,-0.4
2014/6/6,-0.95
2014/6/9,0.42
2014/6/10,-0.16
2014/6/11,0.61
2014/6/12,0.96
2014/6/13,-0.38
2014/6/16,0.47
2014/6/17,-0.59
2014/6/18,-1.45
2014/6/19,0.01
2014/6/20,0.23
2014/6/23,0.13
2014/6/24,1.15
2014/6/25,-0.54
2014/6/26,0.04
2014/6/27,-0.37
2014/6/30,0.31
2014/7/1,-0.42
2014/7/2,-0.33
2014/7/3,-0.5
2014/7/7,1.01
2014/7/8,0.65
2014/7/9,-0.33
2014/7/10,0.94
2014/7/11,-0.51
2014/7/14,-0.26
2014/7/15,0.14
2014/7/16,-0.96
2014/7/17,3.54
2014/7/18,-2.48
2014/7/21,0.75
2014/7/22,-0.57
2014/7/23,-0.72
2014/7/24,0.32
2014/7/25,0.85
2014/7/28,-0.13
2014/7/29,0.72
2014/7/30,0.05
2014/7/31,3.62
2014/8/1,0.08
2014/8/4,-1.91
2014/8/5,1.75
2014/8/6,-0.5
2014/8/7,0.29
2014/8/8,-0.89
2014/8/11,-1.54
2014/8/12,-0.1
2014/8/13,-1.23
2014/8/14,-0.48
2014/8/15,0.73
2014/8/18,-0.83
2014/8/19,-0.11
2014/8/20,-0.43
2014/8/21,-0.02
2014/8/22,-0.29
2014/8/25,0.23
2014/8/26,-0.07
2014/8/27,0.15
2014/8/28,0.27
2014/8/29,-0.07
2014/9/2,0.27
2014/9/3,0.11
2014/9/4,0.28
2014/9/5,-0.55
2014/9/8,0.57
2014/9/9,0.84
2014/9/10,-0.62
2014/9/11,-0.08
2014/9/12,0.51
2014/9/15,0.81
2014/9/16,-1.39
2014/9/17,-0.08
2014/9/18,-0.62
2014/9/19,0.08
2014/9/22,1.58
2014/9/23,1.24
2014/9/24,-1.66
2014/9/25,2.37
2014/9/26,-0.79
2014/9/29,1.13
2014/9/30,0.33
2014/10/1,0.4
2014/10/2,-0.55
2014/10/3,-1.61
2014/10/6,0.91
2014/10/7,1.74
2014/10/8,-2.09
2014/10/9,3.65
2014/10/10,2.48
2014/10/13,3.4
2014/10/14,-1.85
2014/10/15,3.46
2014/10/16,-1.05
2014/10/17,-3.21
2014/10/20,-3.42
2014/10/21,-2.49
2014/10/22,1.79
2014/10/23,-1.34
2014/10/24,-0.42
2014/10/27,-0.07
2014/10/28,-1.65
2014/10/29,0.76
2014/10/30,-0.63
2014/10/31,-0.49
2014/11/3,0.7
2014/11/4,0.16
2014/11/5,-0.72
2014/11/6,-0.5
2014/11/7,-0.55
2014/11/10,-0.45
2014/11/11,0.25
2014/11/12,0.1
2014/11/13,0.77
2014/11/14,-0.48
2014/11/17,0.68
2014/11/18,-0.13
2014/11/19,0.1
2014/11/20,-0.38
2014/11/21,-0.68
2014/11/24,-0.28
2014/11/25,-0.37
2014/11/26,-0.18
2014/11/28,1.26
2014/12/1,0.96
2014/12/2,-1.44
2014/12/3,-0.38
2014/12/4,-0.09
2014/12/5,-0.56
2014/12/8,2.39
2014/12/9,0.68
2014/12/10,3.64
2014/12/11,1.55
2014/12/12,1
2014/12/15,-0.66
2014/12/16,3.15
2014/12/17,-4.13
2014/12/18,-2.63
2014/12/19,-0.32
2014/12/22,-1.24
2014/12/23,-0.45
2014/12/24,-0.43
2014/12/26,0.13
2014/12/29,0.56
2014/12/30,0.86
2014/12/31,3.28
2015/1/2,-1.41
2015/1/5,2.13
2015/1/6,1.2
2015/1/7,-1.81
2015/1/8,-2.3
2015/1/9,0.54
2015/1/12,2.05
2015/1/13,0.96
2015/1/14,0.92
2015/1/15,0.91
2015/1/16,-1.44
2015/1/20,-1.06
2015/1/21,-1.04
2015/1/22,-2.45
2015/1/23,0.26
2015/1/26,-1.14
2015/1/27,1.7
2015/1/28,3.22
2015/1/29,-1.68
2015/1/30,2.21
2015/2/2,-1.54
2015/2/3,-2.1
2015/2/4,1
2015/2/5,-1.48
2015/2/6,0.44
2015/2/9,1.26
2015/2/10,-1.32
2015/2/11,-0.27
2015/2/12,-1.62
2015/2/13,-0.65
2015/2/17,1.11
2015/2/18,-0.35
2015/2/19,-0.16
2015/2/20,-0.99
2015/2/23,0.26
2015/2/24,-0.87
2015/2/25,0.15
2015/2/26,0.07
2015/2/27,-0.57
2015/3/2,-0.3
2015/3/3,0.82
2015/3/4,0.37
2015/3/5,-0.19
2015/3/6,1.16
2015/3/9,-0.14
2015/3/10,1.63
2015/3/11,0.18
2015/3/12,-1.45
2015/3/13,0.58
2015/3/16,-0.39
2015/3/17,0.05
2015/3/18,-1.69
2015/3/19,0.1
2015/3/20,-1.05
2015/3/23,0.39
2015/3/24,0.21
2015/3/25,1.82
2015/3/26,0.36
2015/3/27,-0.73
2015/3/30,-0.56
2015/3/31,0.78
2015/4/1,-0.18
2015/4/2,-0.44
2015/4/6,0.07
2015/4/7,0.04
2015/4/8,-0.8
2015/4/9,-0.89
2015/4/10,-0.51
2015/4/13,1.36
2015/4/14,-0.27
2015/4/15,-0.83
2015/4/16,-0.24
2015/4/17,1.29
2015/4/20,-0.59
2015/4/21,-0.05
2015/4/22,-0.54
2015/4/23,-0.23
2015/4/24,-0.19
2015/4/27,0.83
2015/4/28,-0.71
2015/4/29,0.98
2015/4/30,1.16
2015/5/1,-1.85
2015/5/4,0.15
2015/5/5,1.46
2015/5/6,0.84
2015/5/7,-0.02
2015/5/8,-2.27
2015/5/11,0.99
2015/5/12,0.01
2015/5/13,-0.1
2015/5/14,-1.02
2015/5/15,-0.36
2015/5/18,0.35
2015/5/19,0.12
2015/5/20,0.03
2015/5/21,-0.77
2015/5/22,0.02
2015/5/26,1.93
2015/5/27,-0.79
2015/5/28,0.04
2015/5/29,0.53
2015/6/1,0.13
2015/6/2,0.27
2015/6/3,-0.58
2015/6/4,1.05
2015/6/5,-0.5
2015/6/8,1.08
2015/6/9,-0.82
2015/6/10,-1.25
2015/6/11,-0.37
2015/6/12,0.93
2015/6/15,1.61
2015/6/16,-0.58
2015/6/17,-0.31
2015/6/18,-1.31
2015/6/19,0.77
2015/6/22,-1.22
2015/6/23,-0.63
2015/6/24,1.15
2015/6/25,0.75
2015/6/26,0.01
2015/6/29,4.83
2015/6/30,-0.62
2015/7/1,-2.14
2015/7/2,0.7
2015/7/6,0.22
2015/7/7,-0.92
2015/7/8,3.57
2015/7/9,0.31
2015/7/10,-3.14
2015/7/13,-2.93
2015/7/14,-0.53
2015/7/15,-0.14
2015/7/16,-1.12
2015/7/17,-0.16
2015/7/20,0.3
2015/7/21,-0.03
2015/7/22,-0.1
2015/7/23,0.52
2015/7/24,1.1
2015/7/27,1.86
2015/7/28,-2.16
2015/7/29,-0.94
2015/7/30,-0.37
2015/7/31,-0.01
2015/8/3,0.44
2015/8/4,0.44
2015/8/5,-0.49
2015/8/6,1.26
2015/8/7,-0.38
2015/8/10,-1.16
2015/8/11,1.48
2015/8/12,-0.1
2015/8/13,-0.12
2015/8/14,-0.66
2015/8/17,0.19
2015/8/18,0.77
2015/8/19,1.46
2015/8/20,3.89
2015/8/21,8.89
2015/8/24,12.71
2015/8/25,-4.72
2015/8/26,-5.7
2015/8/27,-4.22
2015/8/28,-0.05
2015/8/31,2.38
2015/9/1,2.97
2015/9/2,-5.31
2015/9/3,-0.48
2015/9/4,2.19
2015/9/8,-2.9
2015/9/9,1.33
2015/9/10,-1.86
2015/9/11,-1.17
2015/9/14,1.05
2015/9/15,-1.71
2015/9/16,-1.19
2015/9/17,-0.21
2015/9/18,1.14
2015/9/21,-2.14
2015/9/22,2.3
2015/9/23,-0.31
2015/9/24,1.34
2015/9/25,0.15
2015/9/28,4.01
2015/9/29,-0.8
2015/9/30,-2.33
2015/10/1,-1.95
2015/10/2,-1.61
2015/10/5,-1.4
2015/10/6,-0.14
2015/10/7,-1
2015/10/8,-0.98
2015/10/9,-0.34
2015/10/12,-0.91
2015/10/13,1.5
2015/10/14,0.36
2015/10/15,-1.98
2015/10/16,-1
2015/10/19,-0.07
2015/10/20,0.77
2015/10/21,0.95
2015/10/22,-2.25
2015/10/23,0.01
2015/10/26,0.83
2015/10/27,0.14
2015/10/28,-1.1
2015/10/29,0.28
2015/10/30,0.46
2015/11/2,-0.92
2015/11/3,0.39
2015/11/4,0.97
2015/11/5,-0.46
2015/11/6,-0.72
2015/11/9,2.19
2015/11/10,-1.23
2015/11/11,0.77
2015/11/12,2.31
2015/11/13,1.71
2015/11/16,-1.92
2015/11/17,0.68
2015/11/18,-1.99
2015/11/19,0.14
2015/11/20,-1.52
2015/11/23,0.15
2015/11/24,0.31
2015/11/25,-0.74
2015/11/27,-0.07
2015/11/30,1.01
2015/12/1,-1.46
2015/12/2,1.24
2015/12/3,2.2
2015/12/4,-3.3
2015/12/7,1.03
2015/12/8,1.76
2015/12/9,2.01
2015/12/10,-0.27
2015/12/11,5.05
2015/12/14,-1.66
2015/12/15,-1.78
2015/12/16,-3.09
2015/12/17,1.08
2015/12/18,1.76
2015/12/21,-2
2015/12/22,-2.1
2015/12/23,-1.03
2015/12/24,0.17
2015/12/28,1.17
2015/12/29,-0.83
2015/12/30,1.21
2015/12/31,0.92
2016/1/4,2.49
2016/1/5,-1.36
2016/1/6,1.25
2016/1/7,4.4
2016/1/8,2.02
2016/1/11,-2.71
2016/1/12,-1.83
2016/1/13,2.75
2016/1/14,-1.27
2016/1/15,3.07
2016/1/19,-0.97
2016/1/20,1.54
2016/1/21,-0.9
2016/1/22,-4.35
2016/1/25,1.81
2016/1/26,-1.65
2016/1/27,0.61
2016/1/28,-0.69
2016/1/29,-2.22
2016/2/1,-0.22
2016/2/2,2
2016/2/3,-0.33
2016/2/4,0.19
2016/2/5,1.54
2016/2/8,2.62
2016/2/9,0.54
2016/2/10,-0.25
2016/2/11,1.85
2016/2/12,-2.74
2016/2/16,-1.29
2016/2/17,-1.8
2016/2/18,-0.67
2016/2/19,-1.11
2016/2/22,-1.15
2016/2/23,1.6
2016/2/24,-0.26
2016/2/25,-1.61
2016/2/26,0.7
2016/2/29,0.74
2016/3/1,-2.85
2016/3/2,-0.61
2016/3/3,-0.39
2016/3/4,0.16
2016/3/7,0.49
2016/3/8,1.32
2016/3/9,-0.33
2016/3/10,-0.29
2016/3/11,-1.55
2016/3/14,0.42
2016/3/15,-0.08
2016/3/16,-1.85
2016/3/17,-0.55
2016/3/18,-0.42
2016/3/21,-0.23
2016/3/22,0.38
2016/3/23,0.77
2016/3/24,-0.2
2016/3/28,0.5
2016/3/29,-1.42
2016/3/30,-0.26
2016/3/31,0.39
2016/4/1,-0.85
2016/4/4,1.02
2016/4/5,1.3
2016/4/6,-1.33
2016/4/7,2.07
2016/4/8,-0.8
2016/4/11,0.9
2016/4/12,-1.41
2016/4/13,-1.01
2016/4/14,-0.12
2016/4/15,-0.1
2016/4/18,-0.27
2016/4/19,-0.11
2016/4/20,0.04
2016/4/21,0.67
2016/4/22,-0.73
2016/4/25,0.86
2016/4/26,-0.12
2016/4/27,-0.19
2016/4/28,1.45
2016/4/29,0.48
2016/5/2,-1.02
2016/5/3,0.92
2016/5/4,0.45
2016/5/5,-0.14
2016/5/6,-1.19
2016/5/9,-0.15
2016/5/10,-0.94
2016/5/11,1.06
2016/5/12,-0.28
2016/5/13,0.63
2016/5/16,-0.36
2016/5/17,0.89
2016/5/18,0.38
2016/5/19,0.38
2016/5/20,-1.13
2016/5/23,0.62
2016/5/24,-1.4
2016/5/25,-0.52
2016/5/26,-0.47
2016/5/27,-0.31
2016/5/31,1.07
2016/6/1,0.01
2016/6/2,-0.57
2016/6/3,-0.16
2016/6/6,0.18
2016/6/7,0.4
2016/6/8,0.03
2016/6/9,0.56
2016/6/10,2.39
2016/6/13,3.94
2016/6/14,-0.47
2016/6/15,-0.36
2016/6/16,-0.77
2016/6/17,0.04
2016/6/20,-1.04
2016/6/21,0.11
2016/6/22,2.69
2016/6/23,-3.92
2016/6/24,8.51
2016/6/27,-1.91
2016/6/28,-5.1
2016/6/29,-2.11
2016/6/30,-1.01
2016/7/1,-0.86
2016/7/5,0.81
2016/7/6,-0.62
2016/7/7,-0.2
2016/7/8,-1.56
2016/7/11,0.34
2016/7/12,0.01
2016/7/13,-0.51
2016/7/14,-0.22
2016/7/15,-0.15
2016/7/18,-0.23
2016/7/19,-0.47
2016/7/20,-0.2
2016/7/21,0.97
2016/7/22,-0.72
2016/7/25,0.85
2016/7/26,0.18
2016/7/27,-0.22
2016/7/28,-0.11
2016/7/29,-0.85
2016/8/1,0.57
2016/8/2,0.93
2016/8/3,-0.51
2016/8/4,-0.44
2016/8/5,-1.03
2016/8/8,0.11
2016/8/9,0.16
2016/8/10,0.39
2016/8/11,-0.37
2016/8/12,-0.13
2016/8/15,0.26
2016/8/16,0.83
2016/8/17,-0.45
2016/8/18,-0.76
2016/8/19,-0.09
2016/8/22,0.93
2016/8/23,0.11
2016/8/24,1.07
2016/8/25,0.18
2016/8/26,0.02
2016/8/29,-0.71
2016/8/30,0.18
2016/8/31,0.3
2016/9/1,0.06
2016/9/2,-1.5
2016/9/6,0.04
2016/9/7,-0.08
2016/9/8,0.57
2016/9/9,4.99
2016/9/12,-2.34
2016/9/13,2.69
2016/9/14,0.29
2016/9/15,-1.84
2016/9/16,-0.93
2016/9/19,0.16
2016/9/20,0.39
2016/9/21,-2.62
2016/9/22,-1.28
2016/9/23,0.27
2016/9/26,2.21
2016/9/27,-1.4
2016/9/28,-0.71
2016/9/29,1.63
2016/9/30,-0.73
