date	dvvix
2006-03-01	NA
2006-03-02	1.4899999999999949
2006-03-03	-13.46
2006-03-06	9.690000000000005
2006-03-07	-4.730000000000004
2006-03-08	0.8499999999999943
2006-03-09	-2.9599999999999937
2006-03-10	0.37000000000000455
2006-03-13	-32.050000000000004
2006-03-14	0.17999999999999972
2006-03-15	-17.68
2006-03-16	12.23
2006-03-17	0.6600000000000001
2006-03-20	9.329999999999998
2006-03-21	-0.5799999999999983
2006-03-22	26.36
2006-03-23	-7.200000000000003
2006-03-24	2.6200000000000045
2006-03-27	7.839999999999996
2006-03-28	-0.12000000000000455
2006-03-29	-7.519999999999996
2006-03-30	-0.9099999999999966
2006-03-31	1.7899999999999991
2006-04-03	11.07
2006-04-04	-0.21999999999999886
2006-04-05	-9.21
2006-04-06	0.6999999999999957
2006-04-07	0.7000000000000028
2006-04-10	2.049999999999997
2006-04-11	4.25
2006-04-12	-2.789999999999992
2006-04-13	-1.3299999999999983
2006-04-17	6.029999999999987
2006-04-18	-3.2099999999999937
2006-04-19	-20.36
2006-04-20	0.28999999999999915
2006-04-21	0.8900000000000006
2006-04-24	14.350000000000001
2006-04-25	-2.0900000000000034
2006-04-26	-11.299999999999997
2006-04-27	0.9600000000000009
2006-04-28	3.8599999999999994
2006-05-01	7.109999999999999
2006-05-02	-7.210000000000001
2006-05-03	3.8800000000000026
2006-05-04	-0.3300000000000054
2006-05-05	-0.519999999999996
2006-05-08	-0.10000000000000142
2006-05-09	-1.1400000000000006
2006-05-10	0.0799999999999983
2006-05-11	3.25
2006-05-12	12.690000000000005
2006-05-15	-1.460000000000008
2006-05-16	-3.6199999999999903
2006-05-17	-10.260000000000005
2006-05-18	1.4500000000000028
2006-05-19	0.3999999999999986
2006-05-22	32.690000000000005
2006-05-23	-3.1000000000000085
2006-05-24	-0.030000000000001137
2006-05-25	-5.989999999999995
2006-05-26	-10.14
2006-05-30	9.64
2006-05-31	-4.700000000000003
2006-06-01	-3.3599999999999994
2006-06-02	-3.8100000000000023
2006-06-05	7.109999999999999
2006-06-06	1.2800000000000011
2006-06-07	-4.799999999999997
2006-06-08	4.260000000000005
2006-06-09	1.75
2006-06-12	3.6499999999999915
2006-06-13	9.680000000000007
2006-06-14	8.909999999999997
2006-06-15	-2.980000000000004
2006-06-16	7.800000000000011
2006-06-19	-4.3700000000000045
2006-06-20	-7.799999999999997
2006-06-21	-2.3599999999999994
2006-06-22	-0.5500000000000114
2006-06-23	-5.039999999999992
2006-06-26	3.8999999999999915
2006-06-27	4.410000000000011
2006-06-28	1.3199999999999932
2006-06-29	0.18999999999999773
2006-06-30	-4.530000000000001
2006-07-03	-2.969999999999999
2006-07-05	2.8500000000000085
2006-07-06	0.8999999999999915
2006-07-07	-1.4200000000000017
2006-07-10	2.0600000000000023
2006-07-11	-1.5300000000000011
2006-07-12	1.25
2006-07-13	6.510000000000005
2006-07-14	11.420000000000002
2006-07-17	0.4299999999999926
2006-07-18	3.6300000000000097
2006-07-19	-48.71000000000001
2006-07-20	1.5600000000000023
2006-07-21	1.2399999999999949
2006-07-24	30.290000000000006
2006-07-25	-4.640000000000001
2006-07-26	-5.739999999999995
2006-07-27	6.060000000000002
2006-07-28	-2.1300000000000097
2006-07-31	-0.36999999999999034
2006-08-01	-0.12000000000000455
2006-08-02	-1.3299999999999983
2006-08-03	-2.1000000000000085
2006-08-04	1.440000000000012
2006-08-07	-1.1000000000000085
2006-08-08	-1.4899999999999949
2006-08-09	-2.240000000000009
2006-08-10	1.6099999999999994
2006-08-11	-0.5699999999999932
2006-08-14	-2.8400000000000034
2006-08-15	-2.3799999999999955
2006-08-16	-24.660000000000004
2006-08-17	15.280000000000008
2006-08-18	1.25
2006-08-21	7.140000000000001
2006-08-22	-1.9300000000000068
2006-08-23	2.4000000000000057
2006-08-24	-1.4500000000000028
2006-08-25	2.239999999999995
2006-08-28	-2.469999999999999
2006-08-29	2.3299999999999983
2006-08-30	-1.0300000000000011
2006-08-31	-0.9299999999999926
2006-09-01	-2.6500000000000057
2006-09-05	2.990000000000009
2006-09-06	2.779999999999987
2006-09-07	3.220000000000013
2006-09-08	-2.480000000000004
2006-09-11	2.0799999999999983
2006-09-12	-4.790000000000006
2006-09-13	0.5600000000000023
2006-09-14	0.38000000000000966
2006-09-15	-22.410000000000004
2006-09-18	21.449999999999996
2006-09-19	0.7999999999999972
2006-09-20	-0.9399999999999977
2006-09-21	5.1200000000000045
2006-09-22	-0.21000000000000796
2006-09-25	-3.7299999999999898
2006-09-26	-0.4200000000000017
2006-09-27	-0.5100000000000051
2006-09-28	3.6599999999999966
2006-09-29	-0.4299999999999926
2006-10-02	1.1499999999999915
2006-10-03	1.1099999999999994
2006-10-04	-4.069999999999993
2006-10-05	5
2006-10-06	-1.8700000000000045
2006-10-09	-0.8699999999999903
2006-10-10	-1.1400000000000006
2006-10-11	4.780000000000001
2006-10-12	-1.5300000000000011
2006-10-13	-0.2600000000000051
2006-10-16	-4.319999999999993
2006-10-17	-15.300000000000011
2006-10-18	12.11
2006-10-19	-1.3900000000000006
2006-10-20	0.8900000000000006
2006-10-23	6.13000000000001
2006-10-24	2.6599999999999966
2006-10-25	-1.4899999999999949
2006-10-26	-4.300000000000011
2006-10-27	1.1099999999999994
2006-10-30	-2.549999999999997
2006-10-31	-3.759999999999991
2006-11-01	2.489999999999995
2006-11-02	-1.8100000000000023
2006-11-03	-1.8900000000000006
2006-11-06	-4.730000000000004
2006-11-07	-2.9599999999999937
2006-11-08	-5.420000000000002
2006-11-09	-1.6599999999999966
2006-11-10	0.6400000000000006
2006-11-13	-24.92
2006-11-14	24.630000000000003
2006-11-15	-2.190000000000005
2006-11-16	3.8999999999999986
2006-11-17	1.8200000000000003
2006-11-20	1.6800000000000068
2006-11-21	-0.6800000000000068
2006-11-22	-1.6799999999999997
2006-11-24	2.8600000000000065
2006-11-27	5.11999999999999
2006-11-28	-5.039999999999992
2006-11-29	-6.260000000000005
2006-11-30	1.0900000000000034
2006-12-01	0.9399999999999977
2006-12-04	-0.21999999999999886
2006-12-05	3.760000000000005
2006-12-06	0.6199999999999903
2006-12-07	2.160000000000011
2006-12-08	2.6899999999999977
2006-12-11	1.5
2006-12-12	1.9399999999999977
2006-12-13	4.280000000000001
2006-12-14	3.509999999999991
2006-12-15	2.0600000000000023
2006-12-18	-0.36999999999999034
2006-12-19	-5.3500000000000085
2006-12-20	5.77000000000001
2006-12-21	-0.7400000000000091
2006-12-22	-0.5300000000000011
2006-12-26	1.8700000000000045
2006-12-27	-2.269999999999996
2006-12-28	5.709999999999994
2006-12-29	-0.5600000000000023
2007-01-03	-0.5300000000000011
2007-01-04	0.5600000000000023
2007-01-05	1.980000000000004
2007-01-08	1.8700000000000045
2007-01-09	0.7199999999999989
2007-01-10	1.019999999999996
2007-01-11	-7.810000000000002
2007-01-12	-0.789999999999992
2007-01-16	0.11999999999999034
2007-01-17	-0.36999999999999034
2007-01-18	-1.2700000000000102
2007-01-19	-1.1700000000000017
2007-01-22	1.940000000000012
2007-01-23	-2.950000000000003
2007-01-24	-3.969999999999999
2007-01-25	2.9399999999999977
2007-01-26	0.9099999999999966
2007-01-29	0.3200000000000074
2007-01-30	-2.780000000000001
2007-01-31	-1.6200000000000045
2007-02-01	-3.780000000000001
2007-02-02	-1.0600000000000023
2007-02-05	-2.1499999999999915
2007-02-06	-1.740000000000009
2007-02-07	1.769999999999996
2007-02-08	2.8600000000000136
2007-02-09	1.2099999999999937
2007-02-12	4.730000000000004
2007-02-13	-3.4000000000000057
2007-02-14	-1.7199999999999989
2007-02-15	-3.6599999999999966
2007-02-16	0.3999999999999915
2007-02-20	-4.86999999999999
2007-02-21	1.5
2007-02-22	-1.3200000000000074
2007-02-23	4.659999999999997
2007-02-26	-0.37999999999999545
2007-02-27	40.09
2007-02-28	-18.78
2007-03-01	7.829999999999998
2007-03-02	4.700000000000003
2007-03-05	-2.969999999999999
2007-03-06	-7.549999999999997
2007-03-07	0.7599999999999909
2007-03-08	-0.4399999999999977
2007-03-09	-2.1500000000000057
2007-03-12	-1.7999999999999972
2007-03-13	4.510000000000005
2007-03-14	3.549999999999997
2007-03-15	1.4699999999999989
2007-03-16	3.1899999999999977
2007-03-19	-8.83999999999999
2007-03-20	-4.3500000000000085
2007-03-21	4.579999999999998
2007-03-22	1.3900000000000006
2007-03-23	0.8500000000000085
2007-03-26	-0.4200000000000017
2007-03-27	5.049999999999997
2007-03-28	3.7900000000000063
2007-03-29	-2.480000000000004
2007-03-30	-2.530000000000001
2007-04-02	-0.8599999999999994
2007-04-03	-3.9399999999999977
2007-04-04	1.1400000000000006
2007-04-05	-2.5200000000000102
2007-04-09	-1.2999999999999972
2007-04-10	-4.929999999999993
2007-04-11	6.099999999999994
2007-04-12	-2.0900000000000034
2007-04-13	-2.6700000000000017
2007-04-16	-4.72999999999999
2007-04-17	-0.29999999999999716
2007-04-18	-3.0900000000000034
2007-04-19	-2.680000000000007
2007-04-20	1.2700000000000102
2007-04-23	0.14999999999999147
2007-04-24	-1.5
2007-04-25	2.960000000000008
2007-04-26	0.8799999999999955
2007-04-27	-1.0100000000000051
2007-04-30	4.670000000000002
2007-05-01	-4.049999999999997
2007-05-02	1.3100000000000023
2007-05-03	-3.780000000000001
2007-05-04	-1.710000000000008
2007-05-07	1.4100000000000108
2007-05-08	1.3900000000000006
2007-05-09	5.989999999999995
2007-05-10	-2.3100000000000023
2007-05-11	-4.109999999999999
2007-05-14	2.549999999999997
2007-05-15	-5.339999999999989
2007-05-16	-6.420000000000002
2007-05-17	2.6799999999999926
2007-05-18	2.490000000000009
2007-05-21	-3.6100000000000136
2007-05-22	0.5400000000000063
2007-05-23	-0.9200000000000017
2007-05-24	2.9200000000000017
2007-05-25	-1.9399999999999977
2007-05-29	0.060000000000002274
2007-05-30	-0.8700000000000045
2007-05-31	0.5900000000000034
2007-06-01	-2.010000000000005
2007-06-04	0.5499999999999972
2007-06-05	-1.5
2007-06-06	2.8200000000000074
2007-06-07	3.769999999999996
2007-06-08	-5.140000000000001
2007-06-11	-1.9599999999999937
2007-06-12	0.75
2007-06-13	-0.6700000000000017
2007-06-14	-5.289999999999999
2007-06-15	0.509999999999998
2007-06-18	2.730000000000004
2007-06-19	0.47999999999998977
2007-06-20	9.560000000000002
2007-06-21	-2.039999999999992
2007-06-22	3.589999999999989
2007-06-25	-0.28000000000000114
2007-06-26	3.940000000000012
2007-06-27	-3.530000000000001
2007-06-28	-2.4399999999999977
2007-06-29	0.8999999999999915
2007-07-02	-1.3799999999999955
2007-07-03	-0.9300000000000068
2007-07-05	1.230000000000004
2007-07-06	-1.0100000000000051
2007-07-09	-1.7999999999999972
2007-07-10	6.939999999999998
2007-07-11	1.5600000000000023
2007-07-12	-4.950000000000003
2007-07-13	0.05000000000001137
2007-07-16	-4.090000000000003
2007-07-17	-0.15000000000000568
2007-07-18	1.1599999999999966
2007-07-19	-1.5499999999999972
2007-07-20	1.740000000000009
2007-07-23	0.7999999999999972
2007-07-24	4.759999999999991
2007-07-25	-4.009999999999991
2007-07-26	12.069999999999993
2007-07-27	9.850000000000009
2007-07-30	0.21999999999999886
2007-07-31	6.6299999999999955
2007-08-01	4.780000000000001
2007-08-02	-8.060000000000002
2007-08-03	3.25
2007-08-06	-8.829999999999998
2007-08-07	-9.260000000000005
2007-08-08	-3.4399999999999977
2007-08-09	17.35000000000001
2007-08-10	9.039999999999992
2007-08-13	-0.3400000000000034
2007-08-14	6.390000000000001
2007-08-15	6.710000000000008
2007-08-16	21.320000000000007
2007-08-17	-9.120000000000005
2007-08-20	-8.829999999999998
2007-08-21	-2.440000000000012
2007-08-22	-5.1299999999999955
2007-08-23	-0.04999999999999716
2007-08-24	-5.469999999999999
2007-08-27	3.289999999999992
2007-08-28	4.550000000000011
2007-08-29	-6.570000000000007
2007-08-30	-0.5600000000000023
2007-08-31	-3.3900000000000006
2007-09-04	-4.3999999999999915
2007-09-05	3.039999999999992
2007-09-06	-1.3100000000000023
2007-09-07	1.6200000000000045
2007-09-10	-1.1500000000000057
2007-09-11	-3.319999999999993
2007-09-12	3.200000000000003
2007-09-13	-2.3200000000000074
2007-09-14	-0.23999999999999488
2007-09-17	-2.1700000000000017
2007-09-18	-9.89
2007-09-19	5.3700000000000045
2007-09-20	-0.3200000000000074
2007-09-21	0.7600000000000051
2007-09-24	-3.8700000000000045
2007-09-25	0.060000000000002274
2007-09-26	-4.840000000000003
2007-09-27	-1.9200000000000017
2007-09-28	-0.4399999999999977
2007-10-01	-2.6499999999999915
2007-10-02	4.259999999999991
2007-10-03	-1.0899999999999892
2007-10-04	1.7299999999999898
2007-10-05	-5.469999999999999
2007-10-08	1.0499999999999972
2007-10-09	-5.029999999999987
2007-10-10	7.529999999999987
2007-10-11	8.320000000000007
2007-10-12	-5.150000000000006
2007-10-15	-4.449999999999989
2007-10-16	5.289999999999992
2007-10-17	-1.9899999999999949
2007-10-18	-6.109999999999999
2007-10-19	8.189999999999998
2007-10-22	-3.3900000000000006
2007-10-23	-1.75
2007-10-24	2.719999999999999
2007-10-25	1.6799999999999926
2007-10-26	4.540000000000006
2007-10-29	-0.3499999999999943
2007-10-30	5.359999999999999
2007-10-31	-6.75
2007-11-01	3.9099999999999966
2007-11-02	-0.07000000000000739
2007-11-05	-0.1699999999999875
2007-11-06	-4.590000000000003
2007-11-07	5.469999999999999
2007-11-08	-0.8100000000000023
2007-11-09	0.5
2007-11-12	0.23000000000000398
2007-11-13	-5.510000000000005
2007-11-14	1.8100000000000023
2007-11-15	-1.4300000000000068
2007-11-16	-0.1599999999999966
2007-11-19	-1.6700000000000017
2007-11-20	0.21000000000000796
2007-11-21	3.1499999999999915
2007-11-23	-4.86999999999999
2007-11-26	1.9299999999999926
2007-11-27	-0.8499999999999943
2007-11-28	0.9200000000000017
2007-11-29	-0.5400000000000063
2007-11-30	-2.200000000000003
2007-12-03	-1.4299999999999926
2007-12-04	-0.6000000000000085
2007-12-05	-3.769999999999996
2007-12-06	-1.5699999999999932
2007-12-07	0.9599999999999937
2007-12-10	-0.9699999999999989
2007-12-11	1.0799999999999983
2007-12-12	6.829999999999998
2007-12-13	-1.2199999999999989
2007-12-14	-2.3700000000000045
2007-12-17	-0.4399999999999977
2007-12-18	-4.549999999999997
2007-12-19	2.6400000000000006
2007-12-20	-4.030000000000001
2007-12-21	3.430000000000007
2007-12-24	-3.0200000000000102
2007-12-26	0.9400000000000119
2007-12-27	3.569999999999993
2007-12-28	-0.3299999999999983
2007-12-31	-1.8400000000000034
2008-01-02	-1.6099999999999994
2008-01-03	-1.25
2008-01-04	2.1299999999999955
2008-01-07	-1.9499999999999886
2008-01-08	0.0799999999999983
2008-01-09	9.780000000000001
2008-01-10	-4.390000000000001
2008-01-11	-0.3200000000000074
2008-01-14	2.299999999999997
2008-01-15	-5.829999999999998
2008-01-16	-0.6199999999999903
2008-01-17	4.47999999999999
2008-01-18	-7.75
2008-01-22	9.340000000000003
2008-01-23	-3.8999999999999915
2008-01-24	-1.3700000000000045
2008-01-25	-2.3100000000000023
2008-01-28	-2.569999999999993
2008-01-29	1.029999999999987
2008-01-30	-1.0499999999999972
2008-01-31	-1.2000000000000028
2008-02-01	-1.269999999999996
2008-02-04	-0.03999999999999204
2008-02-05	1.1599999999999966
2008-02-06	-0.4300000000000068
2008-02-07	-2.6299999999999955
2008-02-08	0.5999999999999943
2008-02-11	-1.1899999999999977
2008-02-12	1.1099999999999994
2008-02-13	-1.0799999999999983
2008-02-14	-2.2099999999999937
2008-02-15	5.489999999999995
2008-02-19	-5.1200000000000045
2008-02-20	1.690000000000012
2008-02-21	-1.6400000000000006
2008-02-22	-4.180000000000007
2008-02-25	3.450000000000003
2008-02-26	-0.3299999999999983
2008-02-27	-1.0300000000000011
2008-02-28	-0.9500000000000028
2008-02-29	3.200000000000003
2008-03-03	1.2099999999999937
2008-03-04	-1.0699999999999932
2008-03-05	-1.4399999999999977
2008-03-06	6.019999999999996
2008-03-07	1.4899999999999949
2008-03-10	1.4300000000000068
2008-03-11	-3.6899999999999977
2008-03-12	0.1799999999999926
2008-03-13	1.6200000000000045
2008-03-14	5.429999999999993
2008-03-17	-0.28000000000000114
2008-03-18	-7.739999999999995
2008-03-19	-2.469999999999999
2008-03-20	-3.530000000000001
2008-03-24	1.8499999999999943
2008-03-25	-0.1699999999999875
2008-03-26	0.9099999999999966
2008-03-27	-0.5600000000000023
2008-03-28	-0.20999999999999375
2008-03-31	-1.1500000000000057
2008-04-01	-0.6800000000000068
2008-04-02	0.6500000000000057
2008-04-03	-1.5
2008-04-04	-1.5499999999999972
2008-04-07	2.8400000000000034
2008-04-08	-0.10000000000000853
2008-04-09	7.939999999999998
2008-04-10	0.23000000000000398
2008-04-11	-0.730000000000004
2008-04-14	-2.3499999999999943
2008-04-15	-4.239999999999995
2008-04-16	-1.7900000000000063
2008-04-17	-1.269999999999996
2008-04-18	-3
2008-04-21	1.3399999999999963
2008-04-22	-0.5899999999999963
2008-04-23	-3.1000000000000014
2008-04-24	3.009999999999998
2008-04-25	3.239999999999995
2008-04-28	0.4900000000000091
2008-04-29	-1.0600000000000023
2008-04-30	-0.730000000000004
2008-05-01	-1.6299999999999955
2008-05-02	0.6199999999999974
2008-05-05	6.419999999999995
2008-05-06	-1.059999999999988
2008-05-07	3.779999999999987
2008-05-08	0.6300000000000097
2008-05-09	0.3400000000000034
2008-05-12	-1.7900000000000063
2008-05-13	-3.3799999999999955
2008-05-14	2.5600000000000023
2008-05-15	-0.020000000000010232
2008-05-16	4.609999999999999
2008-05-19	0.8599999999999994
2008-05-20	3.1700000000000017
2008-05-21	0.3200000000000074
2008-05-22	3.5
2008-05-23	-3.990000000000009
2008-05-27	-0.28000000000000114
2008-05-28	-1.6499999999999915
2008-05-29	-3.5
2008-05-30	-0.7400000000000091
2008-06-02	5.140000000000001
2008-06-03	1.1200000000000045
2008-06-04	1.3200000000000074
2008-06-05	-1.690000000000012
2008-06-06	9.430000000000007
2008-06-09	3.450000000000003
2008-06-10	-0.25
2008-06-11	1.8900000000000006
2008-06-12	-1.460000000000008
2008-06-13	-5.5
2008-06-16	-2.739999999999995
2008-06-17	-3.280000000000001
2008-06-18	0.6700000000000017
2008-06-19	-3.6500000000000057
2008-06-20	0.4399999999999977
2008-06-23	0.020000000000010232
2008-06-24	-0.960000000000008
2008-06-25	-1.3999999999999915
2008-06-26	3.8599999999999994
2008-06-27	-0.3299999999999983
2008-06-30	0.11999999999999034
2008-07-01	-0.21999999999999886
2008-07-02	-0.25
2008-07-03	-2.75
2008-07-07	-1.009999999999991
2008-07-08	0.5999999999999943
2008-07-09	5.659999999999997
2008-07-10	-1.75
2008-07-11	-2.759999999999991
2008-07-14	1.6499999999999915
2008-07-15	-5.760000000000005
2008-07-16	0.15000000000000568
2008-07-17	-0.7600000000000051
2008-07-18	-2.1699999999999875
2008-07-21	1.309999999999988
2008-07-22	-3.2099999999999937
2008-07-23	-1.1400000000000006
2008-07-24	7.650000000000006
2008-07-25	-1.2000000000000028
2008-07-28	1.2000000000000028
2008-07-29	-3.8700000000000045
2008-07-30	-3.8200000000000074
2008-07-31	5.740000000000009
2008-08-01	-0.21999999999999886
2008-08-04	0.4399999999999977
2008-08-05	-2.8900000000000006
2008-08-06	1.3199999999999932
2008-08-07	1.5100000000000051
2008-08-08	-0.060000000000002274
2008-08-11	2.5400000000000063
2008-08-12	-3.1899999999999977
2008-08-13	7.009999999999991
2008-08-14	-5.039999999999992
2008-08-15	-0.27000000000001023
2008-08-18	-1.25
2008-08-19	4.650000000000006
2008-08-20	-4.079999999999998
2008-08-21	0.3299999999999983
2008-08-22	-0.18999999999999773
2008-08-25	3.469999999999999
2008-08-26	-3.8900000000000006
2008-08-27	-1.1400000000000006
2008-08-28	-3.950000000000003
2008-08-29	0.01999999999999602
2008-09-02	1.5800000000000125
2008-09-03	0.28000000000000114
2008-09-04	2.4499999999999886
2008-09-05	-1.9899999999999949
2008-09-08	-2.450000000000003
2008-09-09	2.740000000000009
2008-09-10	-0.05000000000001137
2008-09-11	0.4000000000000057
2008-09-12	-0.769999999999996
2008-09-15	9.11
2008-09-16	-4.990000000000009
2008-09-17	18.66000000000001
2008-09-18	-3.710000000000008
2008-09-19	-9.959999999999994
2008-09-22	4.549999999999997
2008-09-23	0.8499999999999943
2008-09-24	1.8900000000000006
2008-09-25	-3.700000000000003
2008-09-26	4.8500000000000085
2008-09-29	12.049999999999997
2008-09-30	-7.6299999999999955
2008-10-01	-2.469999999999999
2008-10-02	5.530000000000001
2008-10-03	-0.6099999999999994
2008-10-06	10.139999999999986
2008-10-07	1.6500000000000057
2008-10-08	-1.480000000000004
2008-10-09	3.0600000000000023
2008-10-10	7.950000000000003
2008-10-13	-5.930000000000007
2008-10-14	-4.429999999999993
2008-10-15	9.290000000000006
2008-10-16	4.549999999999997
2008-10-17	-2.030000000000001
2008-10-20	-1.4699999999999989
2008-10-21	-1.7000000000000028
2008-10-22	9.030000000000001
2008-10-23	-1.7000000000000028
2008-10-24	6.480000000000004
2008-10-27	6.780000000000001
2008-10-28	-7.410000000000011
2008-10-29	-2.7299999999999898
2008-10-30	-3.210000000000008
2008-10-31	-4.579999999999998
2008-11-03	-0.75
2008-11-04	0.10000000000000853
2008-11-05	0.7399999999999949
2008-11-06	7.969999999999999
2008-11-07	-8.629999999999995
2008-11-10	0.1599999999999966
2008-11-11	-2.4200000000000017
2008-11-12	9.150000000000006
2008-11-13	-6.140000000000001
2008-11-14	1.2199999999999989
2008-11-17	-3.240000000000009
2008-11-18	-8.199999999999989
2008-11-19	-4.420000000000002
2008-11-20	4.22999999999999
2008-11-21	-7.22999999999999
2008-11-24	-7.170000000000002
2008-11-25	-2.030000000000001
2008-11-26	-0.960000000000008
2008-11-28	-0.9099999999999966
2008-12-01	2.0799999999999983
2008-12-02	-3.4099999999999966
2008-12-03	-2.3599999999999994
2008-12-04	-0.7800000000000011
2008-12-05	-1.039999999999992
2008-12-08	-0.8000000000000114
2008-12-09	-1.3499999999999943
2008-12-10	5.709999999999994
2008-12-11	2.220000000000013
2008-12-12	-2.410000000000011
2008-12-15	-4.239999999999995
2008-12-16	-2.0400000000000063
2008-12-17	-4.819999999999993
2008-12-18	6.090000000000003
2008-12-19	6.429999999999993
2008-12-22	-0.6499999999999915
2008-12-23	-0.6500000000000057
2008-12-24	-1.2900000000000063
2008-12-26	-1.3599999999999994
2008-12-29	0.21999999999999886
2008-12-30	-3.069999999999993
2008-12-31	4.709999999999994
2009-01-02	-1.1899999999999977
2009-01-05	6.480000000000004
2009-01-06	-0.5600000000000023
2009-01-07	3.6599999999999966
2009-01-08	-0.8499999999999943
2009-01-09	-1.6200000000000045
2009-01-12	1.740000000000009
2009-01-13	-0.7600000000000051
2009-01-14	7.3799999999999955
2009-01-15	-3.4399999999999977
2009-01-16	2.3500000000000085
2009-01-20	5.22999999999999
2009-01-21	-3.2099999999999937
2009-01-22	-1.9399999999999977
2009-01-23	-3.1700000000000017
2009-01-26	0.46999999999999886
2009-01-27	-0.6899999999999977
2009-01-28	2.739999999999995
2009-01-29	0.7600000000000051
2009-01-30	-0.2600000000000051
2009-02-02	-2.239999999999995
2009-02-03	-4.230000000000004
2009-02-04	-0.6800000000000068
2009-02-05	0.6900000000000119
2009-02-06	1.75
2009-02-09	0.36999999999999034
2009-02-10	1.6000000000000085
2009-02-11	-1.3100000000000023
2009-02-12	-3.6299999999999955
2009-02-13	0.8900000000000006
2009-02-17	3.1399999999999864
2009-02-18	-5.959999999999994
2009-02-19	-0.8400000000000034
2009-02-20	2.3900000000000006
2009-02-23	2.3599999999999994
2009-02-24	-3.8900000000000006
2009-02-25	-0.19999999999998863
2009-02-26	0.4399999999999977
2009-02-27	1.7099999999999937
2009-03-02	2.780000000000001
2009-03-03	-3.1099999999999994
2009-03-04	-5.150000000000006
2009-03-05	4.280000000000001
2009-03-06	-1.6199999999999903
2009-03-09	1.8299999999999983
2009-03-10	-4.730000000000004
2009-03-11	-0.010000000000005116
2009-03-12	-3.539999999999992
2009-03-13	-3.680000000000007
2009-03-16	1.9399999999999977
2009-03-17	-4.859999999999999
2009-03-18	-0.4099999999999966
2009-03-19	-1.2399999999999949
2009-03-20	-0.45000000000000284
2009-03-23	-1.7199999999999989
2009-03-24	-1.230000000000004
2009-03-25	1.6000000000000085
2009-03-26	-0.7900000000000063
2009-03-27	0.710000000000008
2009-03-30	3
2009-03-31	-1.970000000000013
2009-04-01	-2.319999999999993
2009-04-02	-0.7800000000000011
2009-04-03	-1.75
2009-04-06	0.4000000000000057
2009-04-07	-1.8700000000000045
2009-04-08	2.3299999999999983
2009-04-09	-3.5
2009-04-13	2.2900000000000063
2009-04-14	-1.7199999999999989
2009-04-15	-0.8400000000000034
2009-04-16	4.769999999999996
2009-04-17	-0.7999999999999972
2009-04-20	6.560000000000002
2009-04-21	0
2009-04-22	0.03999999999999204
2009-04-23	-2.7099999999999937
2009-04-24	-0.769999999999996
2009-04-27	2.1199999999999903
2009-04-28	0.060000000000002274
2009-04-29	-2.0999999999999943
2009-04-30	-0.7000000000000028
2009-05-01	-1.6000000000000085
2009-05-04	0.5400000000000063
2009-05-05	0.4099999999999966
2009-05-06	0.38000000000000966
2009-05-07	1.6400000000000006
2009-05-08	1.8699999999999903
2009-05-11	2.200000000000003
2009-05-12	0.6700000000000017
2009-05-13	4.340000000000003
2009-05-14	-2.490000000000009
2009-05-15	0.9100000000000108
2009-05-18	-3.8800000000000097
2009-05-19	-2.009999999999991
2009-05-20	3.049999999999997
2009-05-21	7.239999999999995
2009-05-22	2.5900000000000034
2009-05-26	3.950000000000003
2009-05-27	-0.37000000000000455
2009-05-28	-2.6700000000000017
2009-05-29	-4.280000000000001
2009-06-01	0.3200000000000074
2009-06-02	-0.4100000000000108
2009-06-03	1.0700000000000074
2009-06-04	-3.6299999999999955
2009-06-05	0.8499999999999943
2009-06-08	0.5799999999999983
2009-06-09	-1.0499999999999972
2009-06-10	5.280000000000001
2009-06-11	-1.7000000000000028
2009-06-12	0.21000000000000796
2009-06-15	-0.38000000000000966
2009-06-16	3.4399999999999977
2009-06-17	-2
2009-06-18	-2.6199999999999903
2009-06-19	0.28000000000000114
2009-06-22	1.9499999999999886
2009-06-23	-0.45999999999999375
2009-06-24	-1.6800000000000068
2009-06-25	-1.3900000000000006
2009-06-26	-4.969999999999999
2009-06-29	2.0900000000000034
2009-06-30	-0.09000000000000341
2009-07-01	0.0800000000000125
2009-07-02	1.6399999999999864
2009-07-06	1.8800000000000097
2009-07-07	2.4299999999999926
2009-07-08	0.5400000000000063
2009-07-09	-3.2900000000000063
2009-07-10	-1.4599999999999937
2009-07-13	-0.8400000000000034
2009-07-14	0.9399999999999977
2009-07-15	4.1200000000000045
2009-07-16	-2
2009-07-17	-1.1500000000000057
2009-07-20	-1.509999999999991
2009-07-21	-0.5300000000000011
2009-07-22	-5.150000000000006
2009-07-23	-2.5
2009-07-24	0.21000000000000796
2009-07-27	1.3399999999999892
2009-07-28	2.3300000000000125
2009-07-29	0.4199999999999875
2009-07-30	-3.219999999999999
2009-07-31	-0.4099999999999966
2009-08-03	-0.6799999999999926
2009-08-04	-1.740000000000009
2009-08-05	-0.9200000000000017
2009-08-06	3.0400000000000063
2009-08-07	-1.6400000000000006
2009-08-10	1.0600000000000023
2009-08-11	3.009999999999991
2009-08-12	5.680000000000007
2009-08-13	-1.3200000000000074
2009-08-14	0.4900000000000091
2009-08-17	3.769999999999996
2009-08-18	-3.1099999999999994
2009-08-19	-4.790000000000006
2009-08-20	0.38000000000000966
2009-08-21	-0.15000000000000568
2009-08-24	1.9200000000000017
2009-08-25	-0.7099999999999937
2009-08-26	0.20999999999999375
2009-08-27	-2.3799999999999955
2009-08-28	-1.1800000000000068
2009-08-31	2.710000000000008
2009-09-01	3.8799999999999955
2009-09-02	-3.930000000000007
2009-09-03	-1.5899999999999892
2009-09-04	2.030000000000001
2009-09-08	-1.8200000000000074
2009-09-09	0.480000000000004
2009-09-10	-4.780000000000001
2009-09-11	0.9699999999999989
2009-09-14	-1.2199999999999989
2009-09-15	1.1099999999999994
2009-09-16	-0.5499999999999972
2009-09-17	-2.3400000000000034
2009-09-18	1.0300000000000011
2009-09-21	0.6099999999999994
2009-09-22	-2.739999999999995
2009-09-23	-0.0799999999999983
2009-09-24	2.5999999999999943
2009-09-25	0.9599999999999937
2009-09-28	-1.1999999999999886
2009-09-29	-1.5500000000000114
2009-09-30	2.3299999999999983
2009-10-01	4.930000000000007
2009-10-02	-0.12000000000000455
2009-10-05	-2.569999999999993
2009-10-06	-2.0600000000000023
2009-10-07	-0.4899999999999949
2009-10-08	-2.910000000000011
2009-10-09	-2.559999999999988
2009-10-12	-0.5700000000000074
2009-10-13	0
2009-10-14	3.8700000000000045
2009-10-15	-1.7700000000000102
2009-10-16	2.780000000000001
2009-10-19	-2.089999999999989
2009-10-20	0.8699999999999903
2009-10-21	9.530000000000001
2009-10-22	-0.5600000000000023
2009-10-23	2.280000000000001
2009-10-26	2.4000000000000057
2009-10-27	-1.8700000000000045
2009-10-28	5.02000000000001
2009-10-29	-7.3300000000000125
2009-10-30	11.800000000000011
2009-11-02	2.0799999999999983
2009-11-03	-1.8200000000000074
2009-11-04	-4.189999999999998
2009-11-05	-6.8700000000000045
2009-11-06	-5.3799999999999955
2009-11-09	-4.890000000000001
2009-11-10	-0.3400000000000034
2009-11-11	4.560000000000002
2009-11-12	7.719999999999999
2009-11-13	-0.4899999999999949
2009-11-16	3.030000000000001
2009-11-17	0.6599999999999966
2009-11-18	-4.819999999999993
2009-11-19	0.11999999999999034
2009-11-20	-3.7099999999999937
2009-11-23	0.28000000000000114
2009-11-24	-0.7900000000000063
2009-11-25	-1.1400000000000006
2009-11-27	9.329999999999998
2009-11-30	-1.6599999999999966
2009-12-01	-0.8400000000000034
2009-12-02	-2.4799999999999898
2009-12-03	0.2599999999999909
2009-12-04	-1.3399999999999892
2009-12-07	0.5699999999999932
2009-12-08	1.8199999999999932
2009-12-09	5.360000000000014
2009-12-10	-0.37000000000000455
2009-12-11	-1.6899999999999977
2009-12-14	-1.230000000000004
2009-12-15	-0.6500000000000057
2009-12-16	1.0600000000000023
2009-12-17	1.5100000000000051
2009-12-18	-1.8100000000000023
2009-12-21	-2.1299999999999955
2009-12-22	-8.170000000000002
2009-12-23	-1.6400000000000006
2009-12-24	-1
2009-12-28	1.0799999999999983
2009-12-29	-0.7900000000000063
2009-12-30	1.2600000000000051
2009-12-31	4.6299999999999955
2010-01-04	-1.6899999999999977
2010-01-05	-2.9399999999999977
2010-01-06	-2.7099999999999937
2010-01-07	-0.5
2010-01-08	-1.440000000000012
2010-01-11	-0.8399999999999892
2010-01-12	5.549999999999997
2010-01-13	5.109999999999999
2010-01-14	-1.0100000000000051
2010-01-15	-0.25
2010-01-19	-0.769999999999996
2010-01-20	6.859999999999999
2010-01-21	8.459999999999994
2010-01-22	11.240000000000009
2010-01-25	-9.480000000000004
2010-01-26	-0.539999999999992
2010-01-27	-4.180000000000007
2010-01-28	2.049999999999997
2010-01-29	1.0900000000000034
2010-02-01	-5.269999999999996
2010-02-02	-2.75
2010-02-03	-0.4300000000000068
2010-02-04	10.870000000000005
2010-02-05	-3.200000000000003
2010-02-08	1.7900000000000063
2010-02-09	-1.210000000000008
2010-02-10	3.3800000000000097
2010-02-11	-2.5900000000000034
2010-02-12	-1.4300000000000068
2010-02-16	-6.390000000000001
2010-02-17	-1.4799999999999898
2010-02-18	-1.0900000000000034
2010-02-19	-1.230000000000004
2010-02-22	-2.530000000000001
2010-02-23	2.3799999999999955
2010-02-24	-1.8899999999999864
2010-02-25	-0.6300000000000097
2010-02-26	-2.1700000000000017
2010-03-01	0.10999999999999943
2010-03-02	0.19000000000001194
2010-03-03	-0.8200000000000074
2010-03-04	-2.0999999999999943
2010-03-05	0.5499999999999972
2010-03-08	-0.1599999999999966
2010-03-09	0.5899999999999892
2010-03-10	4.710000000000008
2010-03-11	-0.04000000000000625
2010-03-12	-2.4200000000000017
2010-03-15	1.480000000000004
2010-03-16	1.1899999999999977
2010-03-17	-3.25
2010-03-18	3.299999999999997
2010-03-19	0.22000000000001307
2010-03-22	1.0699999999999932
2010-03-23	0.5600000000000023
2010-03-24	2.3700000000000045
2010-03-25	3.1399999999999864
2010-03-26	-2.259999999999991
2010-03-29	-2.8100000000000023
2010-03-30	-1.8400000000000034
2010-03-31	0.5799999999999983
2010-04-01	0.8000000000000114
2010-04-05	-1.3200000000000074
2010-04-06	-0.15000000000000568
2010-04-07	1.3400000000000034
2010-04-08	-1.0999999999999943
2010-04-09	1.1799999999999926
2010-04-12	1.8200000000000074
2010-04-13	-0.09000000000000341
2010-04-14	3.3400000000000034
2010-04-15	-0.21000000000000796
2010-04-16	3.190000000000012
2010-04-19	-4.570000000000007
2010-04-20	-2.069999999999993
2010-04-21	4.239999999999995
2010-04-22	1.8700000000000045
2010-04-23	2.3799999999999955
2010-04-26	-0.6099999999999994
2010-04-27	15.700000000000003
2010-04-28	-1.5300000000000011
2010-04-29	-9.260000000000005
2010-04-30	8.969999999999999
2010-05-03	-5.72999999999999
2010-05-04	6.199999999999989
2010-05-05	3.710000000000008
2010-05-06	19.769999999999996
2010-05-07	10.019999999999996
2010-05-10	-24.42
2010-05-11	2.990000000000009
2010-05-12	2.5799999999999983
2010-05-13	6.640000000000001
2010-05-14	5.170000000000002
2010-05-17	-7.3700000000000045
2010-05-18	14.849999999999994
2010-05-19	-7.3799999999999955
2010-05-20	16.680000000000007
2010-05-21	-14.450000000000017
2010-05-24	-6.799999999999983
2010-05-25	-4.510000000000005
2010-05-26	-3.6799999999999926
2010-05-27	-8.040000000000006
2010-05-28	2.489999999999995
2010-06-01	-0.20999999999999375
2010-06-02	-11.900000000000006
2010-06-03	-2.4099999999999966
2010-06-04	7.700000000000003
2010-06-07	-0.5499999999999972
2010-06-08	-0.9699999999999989
2010-06-09	9.97999999999999
2010-06-10	-3.1599999999999966
2010-06-11	-4.920000000000002
2010-06-14	-3.769999999999996
2010-06-15	-0.9200000000000017
2010-06-16	-5.329999999999998
2010-06-17	-4.019999999999996
2010-06-18	2.7099999999999937
2010-06-21	3.6500000000000057
2010-06-22	5.640000000000001
2010-06-23	-2.719999999999999
2010-06-24	4.759999999999991
2010-06-25	-6.179999999999993
2010-06-28	1.5
2010-06-29	4.989999999999995
2010-06-30	1.1599999999999966
2010-07-01	-4.469999999999999
2010-07-02	-3.5
2010-07-06	0.39000000000000057
2010-07-07	-5.439999999999998
2010-07-08	-2.2900000000000063
2010-07-09	-1.269999999999996
2010-07-12	3.1700000000000017
2010-07-13	-0.9500000000000028
2010-07-14	5.329999999999998
2010-07-15	1.6200000000000045
2010-07-16	3.819999999999993
2010-07-19	1.0100000000000051
2010-07-20	-3.6899999999999977
2010-07-21	-1.8700000000000045
2010-07-22	-3.819999999999993
2010-07-23	-3.299999999999997
2010-07-26	-1.3500000000000085
2010-07-27	1.5900000000000034
2010-07-28	0.5699999999999932
2010-07-29	-0.0899999999999892
2010-07-30	-1.0700000000000074
2010-08-02	-4.530000000000001
2010-08-03	0.020000000000010232
2010-08-04	0.009999999999990905
2010-08-05	1.4699999999999989
2010-08-06	0.9200000000000017
2010-08-09	0.4200000000000017
2010-08-10	2.489999999999995
2010-08-11	12.300000000000011
2010-08-12	-2.9000000000000057
2010-08-13	-0.20999999999999375
2010-08-16	-0.8100000000000023
2010-08-17	-5.480000000000004
2010-08-18	-1.9500000000000028
2010-08-19	0.6599999999999966
2010-08-20	-2.6199999999999903
2010-08-23	-1.6800000000000068
2010-08-24	-1.9599999999999937
2010-08-25	-3.0600000000000023
2010-08-26	0.3100000000000023
2010-08-27	-3.950000000000003
2010-08-30	3.519999999999996
2010-08-31	-1.0300000000000011
2010-09-01	-3.2099999999999937
2010-09-02	0.769999999999996
2010-09-03	-2.4099999999999966
2010-09-07	2.3400000000000034
2010-09-08	10.899999999999991
2010-09-09	-1.9099999999999966
2010-09-10	-0.37000000000000455
2010-09-13	-0.269999999999996
2010-09-14	0.6200000000000045
2010-09-15	0.45000000000000284
2010-09-16	-0.7700000000000102
2010-09-17	-2.1799999999999926
2010-09-20	-3.950000000000003
2010-09-21	-0.5300000000000011
2010-09-22	0.8900000000000006
2010-09-23	1.1599999999999966
2010-09-24	-3.019999999999996
2010-09-27	2.6200000000000045
2010-09-28	1
2010-09-29	-0.27000000000001023
2010-09-30	3.1400000000000006
2010-10-01	-2.4099999999999966
2010-10-04	2.1400000000000006
2010-10-05	-3.5999999999999943
2010-10-06	-1.5700000000000074
2010-10-07	-0.3499999999999943
2010-10-08	0.7099999999999937
2010-10-11	3.3400000000000034
2010-10-12	0.01999999999999602
2010-10-13	3.950000000000003
2010-10-14	-1.5799999999999983
2010-10-15	2.6799999999999926
2010-10-18	1.9300000000000068
2010-10-19	-0.21999999999999886
2010-10-20	-6.049999999999997
2010-10-21	-1.8900000000000006
2010-10-22	-1.6200000000000045
2010-10-25	0.04999999999999716
2010-10-26	0.7700000000000102
2010-10-27	-2.3700000000000045
2010-10-28	-1.9500000000000028
2010-10-29	-1.0100000000000051
2010-11-01	2.260000000000005
2010-11-02	0.46000000000000796
2010-11-03	-3.6100000000000136
2010-11-04	-5.789999999999992
2010-11-05	3.239999999999995
2010-11-08	-0.3499999999999943
2010-11-09	2.819999999999993
2010-11-10	6.579999999999998
2010-11-11	-4.589999999999989
2010-11-12	9.700000000000003
2010-11-15	-0.05000000000001137
2010-11-16	5.52000000000001
2010-11-17	-4.400000000000006
2010-11-18	-5.329999999999998
2010-11-19	0.8100000000000023
2010-11-22	-6.340000000000003
2010-11-23	9.049999999999997
2010-11-24	-5.890000000000001
2010-11-26	9
2010-11-29	-1.539999999999992
2010-11-30	6.719999999999999
2010-12-01	-3.700000000000003
2010-12-02	-4.290000000000006
2010-12-03	-3.4599999999999937
2010-12-06	-1.6800000000000068
2010-12-07	0.060000000000002274
2010-12-08	-0.8599999999999994
2010-12-09	-2
2010-12-10	-0.4399999999999977
2010-12-13	2.3100000000000023
2010-12-14	0
2010-12-15	1.75
2010-12-16	-2.1000000000000085
2010-12-17	5.300000000000011
2010-12-20	-2.530000000000001
2010-12-21	0.28999999999999204
2010-12-22	1.6500000000000057
2010-12-23	0.7099999999999937
2010-12-27	0.7000000000000028
2010-12-28	-1.0999999999999943
2010-12-29	-0.6300000000000097
2010-12-30	0.8100000000000023
2010-12-31	-0.1599999999999966
2011-01-03	-1.5600000000000023
2011-01-04	0.45000000000000284
2011-01-05	-0.5499999999999972
2011-01-06	-0.10000000000000853
2011-01-07	-0.8699999999999903
2011-01-10	-2.0799999999999983
2011-01-11	-1.8300000000000125
2011-01-12	-1.8799999999999955
2011-01-13	0.7000000000000028
2011-01-14	-2.700000000000003
2011-01-18	3.8299999999999983
2011-01-19	3.930000000000007
2011-01-20	-1.0100000000000051
2011-01-21	2.719999999999999
2011-01-24	-2.4399999999999977
2011-01-25	-0.29999999999999716
2011-01-26	-3.239999999999995
2011-01-27	-2.3900000000000006
2011-01-28	14.47999999999999
2011-01-31	-5.439999999999998
2011-02-01	-1.5999999999999943
2011-02-02	-1.3200000000000074
2011-02-03	-1.4099999999999966
2011-02-04	-0.6400000000000006
2011-02-07	-0.5699999999999932
2011-02-08	-1.6099999999999994
2011-02-09	3.1799999999999926
2011-02-10	1.6200000000000045
2011-02-11	0.769999999999996
2011-02-14	-1.8299999999999983
2011-02-15	1.7099999999999937
2011-02-16	-1.3299999999999983
2011-02-17	-0.01999999999999602
2011-02-18	2.4399999999999977
2011-02-22	13.710000000000008
2011-02-23	-0.14000000000000057
2011-02-24	-4.970000000000013
2011-02-25	-7.8999999999999915
2011-02-28	-4.390000000000001
2011-03-01	7.5
2011-03-02	-1.730000000000004
2011-03-03	-5.189999999999998
2011-03-04	-0.8799999999999955
2011-03-07	2.839999999999989
2011-03-08	-3.4799999999999898
2011-03-09	4.049999999999997
2011-03-10	3.269999999999996
2011-03-11	-4.950000000000003
2011-03-14	0.6800000000000068
2011-03-15	5.790000000000006
2011-03-16	22.709999999999994
2011-03-17	-10.939999999999998
2011-03-18	-5.170000000000002
2011-03-21	-7.109999999999999
2011-03-22	-1.7800000000000011
2011-03-23	-2.6200000000000045
2011-03-24	-0.5999999999999943
2011-03-25	0.35999999999999943
2011-03-28	5.409999999999997
2011-03-29	-4.980000000000004
2011-03-30	-2.2099999999999937
2011-03-31	-0.23999999999999488
2011-04-01	-0.5300000000000011
2011-04-04	-0.14000000000000057
2011-04-05	-0.4000000000000057
2011-04-06	1.7800000000000011
2011-04-07	-0.8299999999999983
2011-04-08	1.0400000000000063
2011-04-11	0.7299999999999898
2011-04-12	1.2000000000000028
2011-04-13	0.6800000000000068
2011-04-14	0.029999999999986926
2011-04-15	-0.3499999999999943
2011-04-18	3.3900000000000006
2011-04-19	-3.3799999999999955
2011-04-20	0.47999999999998977
2011-04-21	1.5
2011-04-25	-0.029999999999986926
2011-04-26	-1.960000000000008
2011-04-27	-2.510000000000005
2011-04-28	-0.3199999999999932
2011-04-29	1.0900000000000034
2011-05-02	4.519999999999996
2011-05-03	2.1200000000000045
2011-05-04	0.769999999999996
2011-05-05	3.6899999999999977
2011-05-06	-0.6499999999999915
2011-05-09	-3.5700000000000074
2011-05-10	-3.299999999999997
2011-05-11	8.689999999999998
2011-05-12	-2.680000000000007
2011-05-13	0.29000000000000625
2011-05-16	0.5799999999999983
2011-05-17	-0.7999999999999972
2011-05-18	-2.9399999999999977
2011-05-19	-3.1700000000000017
2011-05-20	2.700000000000003
2011-05-23	1.8499999999999943
2011-05-24	-3.6099999999999994
2011-05-25	-3.1799999999999926
2011-05-26	-3.8100000000000023
2011-05-27	-0.020000000000010232
2011-05-31	-0.539999999999992
2011-06-01	6.670000000000002
2011-06-02	-2.3700000000000045
2011-06-03	0.3200000000000074
2011-06-06	2.6099999999999994
2011-06-07	-4.430000000000007
2011-06-08	5.260000000000005
2011-06-09	-3.3299999999999983
2011-06-10	7.689999999999998
2011-06-13	5.009999999999991
2011-06-14	-6.609999999999999
2011-06-15	13.329999999999998
2011-06-16	-4.679999999999993
2011-06-17	-5.079999999999998
2011-06-20	-5.060000000000002
2011-06-21	0.29999999999999716
2011-06-22	1.1599999999999966
2011-06-23	1.3800000000000097
2011-06-24	6.049999999999997
2011-06-27	-4.849999999999994
2011-06-28	-3.960000000000008
2011-06-29	-4.429999999999993
2011-06-30	-4.820000000000007
2011-07-01	-2.4399999999999977
2011-07-05	2.700000000000003
2011-07-06	1.3499999999999943
2011-07-07	-1.9899999999999949
2011-07-08	0.11999999999999034
2011-07-11	10.050000000000011
2011-07-12	-2.480000000000004
2011-07-13	0.5300000000000011
2011-07-14	6.799999999999997
2011-07-15	-6.390000000000001
2011-07-18	8.480000000000004
2011-07-19	-6.799999999999997
2011-07-20	-4.950000000000003
2011-07-21	-4.3799999999999955
2011-07-22	0.769999999999996
2011-07-25	7.75
2011-07-26	3.1499999999999915
2011-07-27	8.66000000000001
2011-07-28	3.6099999999999994
2011-07-29	0.9499999999999886
2011-08-01	-10.679999999999993
2011-08-02	6.1200000000000045
2011-08-03	-3.430000000000007
2011-08-04	23.180000000000007
2011-08-05	-3.1500000000000057
2011-08-08	16.019999999999996
2011-08-09	-21.83
2011-08-10	20.060000000000016
2011-08-11	-4.100000000000023
2011-08-12	-8.569999999999993
2011-08-15	-11.189999999999998
2011-08-16	-4.340000000000003
2011-08-17	-0.03999999999999204
2011-08-18	2.039999999999992
2011-08-19	4.920000000000002
2011-08-22	-0.3299999999999983
2011-08-23	-7.819999999999993
2011-08-24	1.1099999999999994
2011-08-25	7.859999999999999
2011-08-26	-7.680000000000007
2011-08-29	-8.209999999999994
2011-08-30	-0.3500000000000085
2011-08-31	-2
2011-09-01	-1.8499999999999943
2011-09-02	-1.3100000000000023
2011-09-06	6.010000000000005
2011-09-07	-3.710000000000008
2011-09-08	0.15000000000000568
2011-09-09	5.61999999999999
2011-09-12	-2
2011-09-13	-0.9299999999999926
2011-09-14	4.079999999999998
2011-09-15	-3.530000000000001
2011-09-16	-3.019999999999996
2011-09-19	2.280000000000001
2011-09-20	-3.049999999999997
2011-09-21	5.679999999999993
2011-09-22	5.329999999999998
2011-09-23	0.8599999999999994
2011-09-26	-1.8799999999999955
2011-09-27	-2.5799999999999983
2011-09-28	3.989999999999995
2011-09-29	-3.25
2011-09-30	0.030000000000001137
2011-10-03	2.8100000000000023
2011-10-04	-4.579999999999998
2011-10-05	-4.650000000000006
2011-10-06	-1.1400000000000006
2011-10-07	-0.9500000000000028
2011-10-10	-3.1799999999999926
2011-10-11	1.5900000000000034
2011-10-12	0.35999999999999943
2011-10-13	3.759999999999991
2011-10-14	-0.4099999999999966
2011-10-17	8.86
2011-10-18	-3.3400000000000034
2011-10-19	3.0800000000000125
2011-10-20	-0.3200000000000074
2011-10-21	-4.920000000000002
2011-10-24	-0.9200000000000017
2011-10-25	0.6200000000000045
2011-10-26	-0.010000000000005116
2011-10-27	-3.299999999999997
2011-10-28	-0.25
2011-10-31	10.650000000000006
2011-11-01	8.310000000000002
2011-11-02	-5.75
2011-11-03	-3.1200000000000045
2011-11-04	-0.9399999999999977
2011-11-07	0.009999999999990905
2011-11-08	-5.299999999999997
2011-11-09	24.680000000000007
2011-11-10	-9.189999999999998
2011-11-11	-1.440000000000012
2011-11-14	0.25
2011-11-15	-4.799999999999997
2011-11-16	3.6300000000000097
2011-11-17	0.6799999999999926
2011-11-18	-9.939999999999998
2011-11-21	-2.3200000000000074
2011-11-22	-1.0699999999999932
2011-11-23	2.9299999999999926
2011-11-25	-2.4799999999999898
2011-11-28	-2.75
2011-11-29	-0.7600000000000051
2011-11-30	-3.25
2011-12-01	-1.3400000000000034
2011-12-02	1.5799999999999983
2011-12-05	0.5100000000000051
2011-12-06	-0.7600000000000051
2011-12-07	0.6300000000000097
2011-12-08	2.1299999999999955
2011-12-09	-4.049999999999997
2011-12-12	2.289999999999992
2011-12-13	1.3400000000000034
2011-12-14	5.079999999999998
2011-12-15	-1.9200000000000017
2011-12-16	-3.4299999999999926
2011-12-19	-4.010000000000005
2011-12-20	-1.6299999999999955
2011-12-21	-3.0999999999999943
2011-12-22	0.6400000000000006
2011-12-23	0.35999999999999943
2011-12-27	1.5899999999999892
2011-12-28	5.950000000000003
2011-12-29	-2.280000000000001
2011-12-30	-0.09999999999999432
2012-01-03	-0.3100000000000023
2012-01-04	-2.5
2012-01-05	-1.2000000000000028
2012-01-06	-0.7399999999999949
2012-01-09	0.8499999999999943
2012-01-10	1.019999999999996
2012-01-11	4.3500000000000085
2012-01-12	-2.6599999999999966
2012-01-13	3.039999999999992
2012-01-17	0.10999999999999943
2012-01-18	-3.569999999999993
2012-01-19	-1.3599999999999994
2012-01-20	0.5099999999999909
2012-01-23	0.3500000000000085
2012-01-24	-0.5799999999999983
2012-01-25	-3
2012-01-26	2.9099999999999966
2012-01-27	-1.480000000000004
2012-01-30	2.4200000000000017
2012-01-31	-1.3499999999999943
2012-02-01	-2.730000000000004
2012-02-02	-1.6800000000000068
2012-02-03	-0.05999999999998806
2012-02-06	1.3399999999999892
2012-02-07	-1.5899999999999892
2012-02-08	13.219999999999999
2012-02-09	3.75
2012-02-10	3.3900000000000006
2012-02-13	-1.7000000000000028
2012-02-14	5.36999999999999
2012-02-15	6.8300000000000125
2012-02-16	-4.240000000000009
2012-02-17	-1.8499999999999943
2012-02-21	-0.8500000000000085
2012-02-22	-6.8999999999999915
2012-02-23	-6.3700000000000045
2012-02-24	4.990000000000009
2012-02-27	2.25
2012-02-28	-2.5500000000000114
2012-02-29	2.469999999999999
2012-03-01	-4.1699999999999875
2012-03-02	-0.4900000000000091
2012-03-05	1.240000000000009
2012-03-06	6.929999999999993
2012-03-07	-4.650000000000006
2012-03-08	-3.269999999999996
2012-03-09	0.7900000000000063
2012-03-12	0.6299999999999955
2012-03-13	-0.14000000000000057
2012-03-14	8.159999999999997
2012-03-15	1.7900000000000063
2012-03-16	-2.6400000000000006
2012-03-19	0.7099999999999937
2012-03-20	2.8900000000000006
2012-03-21	-4.72999999999999
2012-03-22	-2.1200000000000045
2012-03-23	-3.930000000000007
2012-03-26	-2.519999999999996
2012-03-27	5.070000000000007
2012-03-28	1.5899999999999892
2012-03-29	-0.7999999999999972
2012-03-30	-1.6599999999999966
2012-04-02	0.09999999999999432
2012-04-03	-2.009999999999991
2012-04-04	1.3599999999999994
2012-04-05	-0.2600000000000051
2012-04-09	5.1200000000000045
2012-04-10	4.539999999999992
2012-04-11	2.0600000000000023
2012-04-12	-6.920000000000002
2012-04-13	6.490000000000009
2012-04-16	0.20999999999999375
2012-04-17	-3.9599999999999937
2012-04-18	-0.9500000000000028
2012-04-19	-2.1000000000000085
2012-04-20	-2.8799999999999955
2012-04-23	2.930000000000007
2012-04-24	-4.170000000000002
2012-04-25	-6.560000000000002
2012-04-26	-3.6299999999999955
2012-04-27	-1.0300000000000011
2012-04-30	0.6999999999999886
2012-05-01	-2.259999999999991
2012-05-02	-0.769999999999996
2012-05-03	2.059999999999988
2012-05-04	2.960000000000008
2012-05-07	-0.4000000000000057
2012-05-08	0.4200000000000017
2012-05-09	10.739999999999995
2012-05-10	-3.4199999999999875
2012-05-11	1.4699999999999989
2012-05-14	5.72999999999999
2012-05-15	3.760000000000005
2012-05-16	-0.39000000000000057
2012-05-17	3.6200000000000045
2012-05-18	4.599999999999994
2012-05-21	-8.939999999999998
2012-05-22	1.980000000000004
2012-05-23	-3
2012-05-24	-2.960000000000008
2012-05-25	-1.4200000000000017
2012-05-29	-2.1199999999999903
2012-05-30	8.75
2012-05-31	-0.980000000000004
2012-06-01	2.6599999999999966
2012-06-04	-4.36999999999999
2012-06-05	-4.260000000000005
2012-06-06	-5.070000000000007
2012-06-07	0.6500000000000057
2012-06-08	-1.7600000000000051
2012-06-11	8.91000000000001
2012-06-12	-2.2900000000000063
2012-06-13	7.3799999999999955
2012-06-14	-2.819999999999993
2012-06-15	0.45000000000000284
2012-06-18	-8.930000000000007
2012-06-19	-1.1700000000000017
2012-06-20	-1.7199999999999989
2012-06-21	9.060000000000002
2012-06-22	-1.3400000000000034
2012-06-25	0.3299999999999983
2012-06-26	-3.799999999999997
2012-06-27	-2.549999999999997
2012-06-28	-0.9000000000000057
2012-06-29	-7.61999999999999
2012-07-02	-3.980000000000004
2012-07-03	-1.019999999999996
2012-07-05	4.840000000000003
2012-07-06	0.6699999999999875
2012-07-09	2.75
2012-07-10	2.0600000000000023
2012-07-11	1.3400000000000034
2012-07-12	-1.0300000000000011
2012-07-13	-4.1200000000000045
2012-07-16	3.1099999999999994
2012-07-17	-0.7199999999999989
2012-07-18	0.5400000000000063
2012-07-19	-0.29999999999999716
2012-07-20	6.8799999999999955
2012-07-23	6.709999999999994
2012-07-24	4.3300000000000125
2012-07-25	-5.1200000000000045
2012-07-26	-7.939999999999998
2012-07-27	-5.510000000000005
2012-07-30	1.6599999999999966
2012-07-31	1.3700000000000045
2012-08-01	-1.8799999999999955
2012-08-02	-4.6000000000000085
2012-08-03	-5.1299999999999955
2012-08-06	-0.030000000000001137
2012-08-07	2.4000000000000057
2012-08-08	-1.6899999999999977
2012-08-09	-1.2700000000000102
2012-08-10	0.9200000000000017
2012-08-13	4.75
2012-08-14	4.75
2012-08-15	3.6200000000000045
2012-08-16	-2.299999999999997
2012-08-17	-0.6300000000000097
2012-08-20	1.6200000000000045
2012-08-21	0.769999999999996
2012-08-22	1.730000000000004
2012-08-23	-0.7399999999999949
2012-08-24	-3.410000000000011
2012-08-27	-0.09999999999999432
2012-08-28	-0.45999999999999375
2012-08-29	0.2799999999999869
2012-08-30	1.6200000000000045
2012-08-31	-3.030000000000001
2012-09-04	0.4099999999999966
2012-09-05	-3.559999999999988
2012-09-06	-6.5
2012-09-07	-1.4100000000000108
2012-09-10	10.530000000000001
2012-09-11	-0.37999999999999545
2012-09-12	1.5499999999999972
2012-09-13	-6.1299999999999955
2012-09-14	5.230000000000004
2012-09-17	-0.09000000000000341
2012-09-18	-2.8200000000000074
2012-09-19	-1.519999999999996
2012-09-20	0.10999999999999943
2012-09-21	-0.8199999999999932
2012-09-24	-2.0200000000000102
2012-09-25	6.910000000000011
2012-09-26	2.259999999999991
2012-09-27	-6.810000000000002
2012-09-28	2.25
2012-10-01	2.0200000000000102
2012-10-02	-2.260000000000005
2012-10-03	-2.6899999999999977
2012-10-04	-4.049999999999997
2012-10-05	-0.4100000000000108
2012-10-08	2.75
2012-10-09	2.680000000000007
2012-10-10	5.829999999999998
2012-10-11	-3.6200000000000045
2012-10-12	1.1300000000000097
2012-10-15	1.0499999999999972
2012-10-16	-2.6099999999999994
2012-10-17	-4.710000000000008
2012-10-18	0.9100000000000108
2012-10-19	6.11999999999999
2012-10-22	-0.14999999999999147
2012-10-23	7.179999999999993
2012-10-24	-3.269999999999996
2012-10-25	-4.530000000000001
2012-10-26	-2.4299999999999926
2012-10-31	0.7999999999999972
2012-11-01	-8.530000000000001
2012-11-02	6.140000000000001
2012-11-05	2.9099999999999966
2012-11-06	-3.1899999999999977
2012-11-07	7.189999999999998
2012-11-08	-1.3599999999999994
2012-11-09	0.6299999999999955
2012-11-12	-3.4799999999999898
2012-11-13	-2.700000000000003
2012-11-14	6.819999999999993
2012-11-15	-0.11999999999999034
2012-11-16	-4.27000000000001
2012-11-19	-1.8399999999999892
2012-11-20	-2.5
2012-11-21	-0.0800000000000125
2012-11-23	-2.989999999999995
2012-11-26	-0.4099999999999966
2012-11-27	1.7199999999999989
2012-11-28	-3.780000000000001
2012-11-29	-1.9699999999999989
2012-11-30	0.1700000000000017
2012-12-03	5.47999999999999
2012-12-04	2.1100000000000136
2012-12-05	-3.200000000000003
2012-12-06	1.1700000000000017
2012-12-07	-3.410000000000011
2012-12-10	0.8200000000000074
2012-12-11	-2.8599999999999994
2012-12-12	4.319999999999993
2012-12-13	3.719999999999999
2012-12-14	-0.3499999999999943
2012-12-17	-4.290000000000006
2012-12-18	-2.739999999999995
2012-12-19	3.969999999999999
2012-12-20	-0.269999999999996
2012-12-21	4.640000000000001
2012-12-24	1.5699999999999932
2012-12-26	2.9000000000000057
2012-12-27	-1.2800000000000011
2012-12-28	13.829999999999998
2012-12-31	-12.219999999999999
2013-01-02	-13.730000000000004
2013-01-03	-1.75
2013-01-04	-1.8399999999999892
2013-01-07	1.5899999999999892
2013-01-08	1.6000000000000085
2013-01-09	0.14000000000000057
2013-01-10	-1.0200000000000102
2013-01-11	1.0300000000000011
2013-01-14	-0.23999999999999488
2013-01-15	-0.4399999999999977
2013-01-16	-0.5799999999999983
2013-01-17	1.509999999999991
2013-01-18	-5.339999999999989
2013-01-22	0.4399999999999977
2013-01-23	-2.010000000000005
2013-01-24	4.310000000000002
2013-01-25	0.75
2013-01-28	1.2399999999999949
2013-01-29	-4.549999999999997
2013-01-30	3.730000000000004
2013-01-31	-0.6200000000000045
2013-02-01	-3.4299999999999926
2013-02-04	4.5
2013-02-05	-2.720000000000013
2013-02-06	2.1700000000000017
2013-02-07	-0.37999999999999545
2013-02-08	-2.4399999999999977
2013-02-11	1.6799999999999926
2013-02-12	-2.269999999999996
2013-02-13	-0.5799999999999983
2013-02-14	-0.2600000000000051
2013-02-15	-0.4399999999999977
2013-02-19	-2.0999999999999943
2013-02-20	9.200000000000003
2013-02-21	1.1799999999999926
2013-02-22	-2.1700000000000017
2013-02-25	15.680000000000007
2013-02-26	-4.109999999999999
2013-02-27	-7.939999999999998
2013-02-28	4.279999999999987
2013-03-01	1.2600000000000051
2013-03-04	-5.560000000000002
2013-03-05	-2.950000000000003
2013-03-06	-0.539999999999992
2013-03-07	-1.6200000000000045
2013-03-08	-0.5099999999999909
2013-03-11	0.6699999999999875
2013-03-12	2.6700000000000017
2013-03-13	4.3700000000000045
2013-03-14	-0.8599999999999994
2013-03-15	2.219999999999999
2013-03-18	7.349999999999994
2013-03-19	1.3200000000000074
2013-03-20	-4.939999999999998
2013-03-21	4.530000000000001
2013-03-22	-2.200000000000003
2013-03-25	-2.9200000000000017
2013-03-26	-3.719999999999999
2013-03-27	0.1799999999999926
2013-03-28	-2.1199999999999903
2013-04-01	1.0300000000000011
2013-04-02	-3.740000000000009
2013-04-03	4.740000000000009
2013-04-04	-2.1099999999999994
2013-04-05	1.3699999999999903
2013-04-08	-2.3699999999999903
2013-04-09	-0.0799999999999983
2013-04-10	0.7099999999999937
2013-04-11	0.6200000000000045
2013-04-12	-0.980000000000004
2013-04-15	22.230000000000004
2013-04-16	-16.430000000000007
2013-04-17	17.070000000000007
2013-04-18	2.3900000000000006
2013-04-19	-12.13000000000001
2013-04-22	-4.609999999999999
2013-04-23	-5.75
2013-04-24	-0.1700000000000017
2013-04-25	0.9000000000000057
2013-04-26	-0.7999999999999972
2013-04-29	-0.6700000000000017
2013-04-30	-0.960000000000008
2013-05-01	4.650000000000006
2013-05-02	-4.290000000000006
2013-05-03	-2.9099999999999966
2013-05-06	-1.1299999999999955
2013-05-07	-0.9200000000000017
2013-05-08	0.9500000000000028
2013-05-09	1.3299999999999983
2013-05-10	-0.6899999999999977
2013-05-13	0.1599999999999966
2013-05-14	-0.1599999999999966
2013-05-15	2.700000000000003
2013-05-16	1.3499999999999943
2013-05-17	-0.5
2013-05-20	1.0100000000000051
2013-05-21	3.030000000000001
2013-05-22	0.18999999999999773
2013-05-23	-0.8299999999999983
2013-05-24	-3.5200000000000102
2013-05-28	-1.2299999999999898
2013-05-29	-0.9300000000000068
2013-05-30	-1.5
2013-05-31	4.650000000000006
2013-06-03	2.1199999999999903
2013-06-04	0.4000000000000057
2013-06-05	5.790000000000006
2013-06-06	-1.2700000000000102
2013-06-07	-7.719999999999999
2013-06-10	-1.25
2013-06-11	9.379999999999995
2013-06-12	9.450000000000003
2013-06-13	-6.689999999999998
2013-06-14	-1.2099999999999937
2013-06-17	-3.4200000000000017
2013-06-18	-0.46000000000000796
2013-06-19	-1.3999999999999915
2013-06-20	12.39
2013-06-21	-4.88000000000001
2013-06-24	4.8300000000000125
2013-06-25	-6.1000000000000085
2013-06-26	-4.069999999999993
2013-06-27	-4.710000000000008
2013-06-28	0.4900000000000091
2013-07-01	-1.6500000000000057
2013-07-02	-1.1899999999999977
2013-07-03	-0.980000000000004
2013-07-05	-5.310000000000002
2013-07-08	-1.9200000000000017
2013-07-09	0.4300000000000068
2013-07-10	3.6200000000000045
2013-07-11	-2.3800000000000097
2013-07-12	-1.019999999999996
2013-07-15	0.0799999999999983
2013-07-16	4.6200000000000045
2013-07-17	-3.780000000000001
2013-07-18	-2.3799999999999955
2013-07-19	-1.0400000000000063
2013-07-22	-1.1500000000000057
2013-07-23	2.5600000000000023
2013-07-24	1.75
2013-07-25	-0.060000000000002274
2013-07-26	-0.19999999999998863
2013-07-29	0.10999999999999943
2013-07-30	-2.3000000000000114
2013-07-31	-1.269999999999996
2013-08-01	-1.980000000000004
2013-08-02	-0.7399999999999949
2013-08-05	-0.6200000000000045
2013-08-06	5.790000000000006
2013-08-07	1.039999999999992
2013-08-08	-1.1599999999999966
2013-08-09	1.9200000000000017
2013-08-12	1.4399999999999977
2013-08-13	0.1700000000000017
2013-08-14	1.2800000000000011
2013-08-15	5.989999999999995
2013-08-16	-2.1199999999999903
2013-08-19	2.819999999999993
2013-08-20	2.1700000000000017
2013-08-21	1.2999999999999972
2013-08-22	-5.859999999999999
2013-08-23	-4.5
2013-08-26	3.0400000000000063
2013-08-27	9.299999999999997
2013-08-28	-0.9000000000000057
2013-08-29	0.030000000000001137
2013-08-30	1.1099999999999994
2013-09-03	-1.9399999999999977
2013-09-04	-2.3799999999999955
2013-09-05	-2.480000000000004
2013-09-06	0.710000000000008
2013-09-09	-3.0500000000000114
2013-09-10	-4.209999999999994
2013-09-11	-0.8499999999999943
2013-09-12	2.569999999999993
2013-09-13	-1.2399999999999949
2013-09-16	0.35999999999999943
2013-09-17	-0.6000000000000085
2013-09-18	-4.839999999999989
2013-09-19	-1.4300000000000068
2013-09-20	3.6700000000000017
2013-09-23	0.6700000000000017
2013-09-24	-2.780000000000001
2013-09-25	-1.7000000000000028
2013-09-26	-3.1200000000000045
2013-09-27	4.970000000000013
2013-09-30	6.739999999999995
2013-10-01	-5.239999999999995
2013-10-02	9.299999999999997
2013-10-03	8.060000000000002
2013-10-04	-5.0800000000000125
2013-10-07	14.370000000000005
2013-10-08	3.469999999999999
2013-10-09	4.88000000000001
2013-10-10	-16.120000000000005
2013-10-11	-4.460000000000008
2013-10-14	0.9500000000000028
2013-10-15	11.570000000000007
2013-10-16	-17.67
2013-10-17	-13
2013-10-18	0.7199999999999989
2013-10-21	1.5999999999999943
2013-10-22	-0.8900000000000006
2013-10-23	-1.6999999999999886
2013-10-24	-1.5900000000000034
2013-10-25	-0.8100000000000023
2013-10-28	0.12999999999999545
2013-10-29	-1.6400000000000006
2013-10-30	1.0400000000000063
2013-10-31	-0.12000000000000455
2013-11-01	-0.5
2013-11-04	-1.8499999999999943
2013-11-05	0.3199999999999932
2013-11-06	0
2013-11-07	4.329999999999998
2013-11-08	-2.3499999999999943
2013-11-11	0
2013-11-12	0
2013-11-13	1.980000000000004
2013-11-14	0.539999999999992
2013-11-15	1.6700000000000017
2013-11-18	1.480000000000004
2013-11-19	-0.6099999999999994
2013-11-20	-5.400000000000006
2013-11-21	-4.099999999999994
2013-11-22	-1.1799999999999997
2013-11-25	1.1099999999999923
2013-11-26	0.2600000000000051
2013-11-27	-0.3299999999999983
2013-11-29	0
2013-12-02	4.780000000000001
2013-12-03	3.6199999999999903
2013-12-04	-0.47999999999998977
2013-12-05	3.069999999999993
2013-12-06	-5.349999999999994
2013-12-09	0
2013-12-10	0
2013-12-11	10.099999999999994
2013-12-12	2.8299999999999983
2013-12-13	2.010000000000005
2013-12-16	-2.1899999999999977
2013-12-17	-0.9699999999999989
2013-12-18	-15.060000000000002
2013-12-19	-0.14000000000000057
2013-12-20	0.9699999999999989
2013-12-23	-4.509999999999998
2013-12-24	0
2013-12-26	-0.7800000000000011
2013-12-27	3.960000000000001
2013-12-30	3.039999999999992
2013-12-31	1.1200000000000045
2014-01-02	2.3100000000000023
2014-01-03	-3.1099999999999994
2014-01-06	-1.7000000000000028
2014-01-07	0
2014-01-08	0
2014-01-09	0
2014-01-10	-0.5900000000000034
2014-01-13	7.969999999999999
2014-01-14	-6.3999999999999915
2014-01-15	0.25
2014-01-16	4.420000000000002
2014-01-17	1.7399999999999949
2014-01-21	2.0600000000000023
2014-01-22	-3.3200000000000074
2014-01-23	3.7900000000000063
2014-01-24	19.459999999999994
2014-01-27	-4.209999999999994
2014-01-28	-9.540000000000006
2014-01-29	8.510000000000005
2014-01-30	-0.12000000000000455
2014-01-31	7.310000000000002
2014-02-03	7.1200000000000045
2014-02-04	-6.3799999999999955
2014-02-05	2.469999999999999
2014-02-06	-10.290000000000006
2014-02-07	-9.409999999999997
2014-02-10	-3.280000000000001
2014-02-11	-1.25
2014-02-12	0.9200000000000017
2014-02-13	-1.1500000000000057
2014-02-14	-0.9200000000000017
2014-02-18	-1.6700000000000017
2014-02-19	10.41000000000001
2014-02-20	-6.400000000000006
2014-02-21	-0.8700000000000045
2014-02-24	-1.1199999999999903
2014-02-25	-1.3800000000000097
2014-02-26	2.960000000000008
2014-02-27	-0.480000000000004
2014-02-28	2.510000000000005
2014-03-03	11.39
2014-03-04	-10.700000000000003
2014-03-05	-1.6200000000000045
2014-03-06	-0.9699999999999989
2014-03-07	3.519999999999996
2014-03-10	-0.7199999999999989
2014-03-11	2.7700000000000102
2014-03-12	-1.6700000000000017
2014-03-13	8.689999999999998
2014-03-14	4.969999999999999
2014-03-17	-9.319999999999993
2014-03-18	-5.900000000000006
2014-03-19	-0.5400000000000063
2014-03-20	-4.319999999999993
2014-03-21	1.6099999999999994
2014-03-24	-1.3499999999999943
2014-03-25	-2.5200000000000102
2014-03-26	1.5
2014-03-27	-1.5600000000000023
2014-03-28	0.15000000000000568
2014-03-31	-2.6599999999999966
2014-04-01	-4.689999999999998
2014-04-02	-0.18000000000000682
2014-04-03	0.4000000000000057
2014-04-04	1.7999999999999972
2014-04-07	4.980000000000004
2014-04-08	-3.0799999999999983
2014-04-09	-2.240000000000009
2014-04-10	9.370000000000005
2014-04-11	5.3799999999999955
2014-04-14	-1.7399999999999949
2014-04-15	-1.5300000000000011
2014-04-16	-8.590000000000003
2014-04-17	-2
2014-04-21	-1.4599999999999937
2014-04-22	-1.8800000000000097
2014-04-23	-0.519999999999996
2014-04-24	2.530000000000001
2014-04-25	1.7399999999999949
2014-04-28	-2.8599999999999994
2014-04-29	-2.1599999999999966
2014-04-30	-0.980000000000004
2014-05-01	0.010000000000005116
2014-05-02	0.04000000000000625
2014-05-05	-0.14000000000000057
2014-05-06	0.5300000000000011
2014-05-07	-2.2900000000000063
2014-05-08	-0.480000000000004
2014-05-09	-0.3999999999999986
2014-05-12	0
2014-05-13	0
2014-05-14	7.270000000000003
2014-05-15	2.569999999999993
2014-05-16	-2.8799999999999955
2014-05-19	-1.1400000000000006
2014-05-20	1.1899999999999977
2014-05-21	-2.2099999999999937
2014-05-22	1.5
2014-05-23	-1.2000000000000028
2014-05-27	-1.9099999999999966
2014-05-28	2.4200000000000017
2014-05-29	-0.4399999999999977
2014-05-30	1.019999999999996
2014-06-02	0.8100000000000023
2014-06-03	-0.5700000000000074
2014-06-04	-0.519999999999996
2014-06-05	-2.200000000000003
2014-06-06	1.6099999999999994
2014-06-09	3.799999999999997
2014-06-10	-0.37999999999999545
2014-06-11	3.7099999999999937
2014-06-12	5.760000000000005
2014-06-13	-0.1599999999999966
2014-06-16	1.6899999999999977
2014-06-17	-3.0900000000000034
2014-06-18	-6.6499999999999915
2014-06-19	1.6499999999999915
2014-06-20	-0.0799999999999983
2014-06-23	-0.75
2014-06-24	2.6599999999999966
2014-06-25	-2.9299999999999926
2014-06-26	0.5499999999999972
2014-06-27	-0.14000000000000057
2014-06-30	-1.1599999999999966
2014-07-01	-2.280000000000001
2014-07-02	-1.1299999999999955
2014-07-03	0.19999999999998863
2014-07-07	3.3100000000000023
2014-07-08	1.5499999999999972
2014-07-09	3.0700000000000074
2014-07-10	5.859999999999999
2014-07-11	-2.230000000000004
2014-07-14	-2.6199999999999903
2014-07-15	1.6299999999999955
2014-07-16	-3.1099999999999994
2014-07-17	14.149999999999991
2014-07-18	-9.58999999999999
2014-07-21	1.039999999999992
2014-07-22	-6.189999999999998
2014-07-23	1.4200000000000017
2014-07-24	1.019999999999996
2014-07-25	3.4200000000000017
2014-07-28	0.12999999999999545
2014-07-29	0.5100000000000051
2014-07-30	1.8599999999999994
2014-07-31	13.840000000000003
2014-08-01	3.6899999999999977
2014-08-04	-7.989999999999995
2014-08-05	5.199999999999989
2014-08-06	-1.9399999999999977
2014-08-07	1.0200000000000102
2014-08-08	-5.560000000000002
2014-08-11	-4.299999999999997
2014-08-12	-1.5600000000000023
2014-08-13	-4.710000000000008
2014-08-14	-2.789999999999992
2014-08-15	3.719999999999999
2014-08-18	-1.1800000000000068
2014-08-19	-0.1799999999999926
2014-08-20	-0.9399999999999977
2014-08-21	-0.29000000000000625
2014-08-22	-0.030000000000001137
2014-08-25	-0.25
2014-08-26	0.060000000000002274
2014-08-27	-0.5400000000000063
2014-08-28	1.6800000000000068
2014-08-29	0.5799999999999983
2014-09-02	1.2999999999999972
2014-09-03	-1.6400000000000006
2014-09-04	-0.7800000000000011
2014-09-05	-2.6599999999999966
2014-09-08	0.5100000000000051
2014-09-09	1.4599999999999937
2014-09-10	2.8200000000000074
2014-09-11	0.9799999999999898
2014-09-12	6.150000000000006
2014-09-15	2.3299999999999983
2014-09-16	-7.060000000000002
2014-09-17	-3
2014-09-18	-4.049999999999997
2014-09-19	0.23000000000000398
2014-09-22	9.709999999999994
2014-09-23	4.490000000000009
2014-09-24	-5.690000000000012
2014-09-25	10.510000000000005
2014-09-26	-6.090000000000003
2014-09-29	4.390000000000001
2014-09-30	-2.549999999999997
2014-10-01	5.650000000000006
2014-10-02	-4.3700000000000045
2014-10-03	-5.980000000000004
2014-10-06	0.960000000000008
2014-10-07	10.469999999999999
2014-10-08	-10.120000000000005
2014-10-09	13.049999999999997
2014-10-10	11.25
2014-10-13	18.189999999999998
2014-10-14	-10.959999999999994
2014-10-15	8.399999999999991
2014-10-16	-7.069999999999993
2014-10-17	-3.0999999999999943
2014-10-20	-10.010000000000005
2014-10-21	-4.739999999999995
2014-10-22	4.72999999999999
2014-10-23	-6.769999999999996
2014-10-24	2.3299999999999983
2014-10-27	-3.6299999999999955
2014-10-28	-4.859999999999999
2014-10-29	3.450000000000003
2014-10-30	-0.8200000000000074
2014-10-31	-4.420000000000002
2014-11-03	-0.9099999999999966
2014-11-04	-0.75
2014-11-05	-5.359999999999999
2014-11-06	-3.6599999999999966
2014-11-07	-2.980000000000004
2014-11-10	-0.7399999999999949
2014-11-11	0.09000000000000341
2014-11-12	3.309999999999988
2014-11-13	3.190000000000012
2014-11-14	-0.710000000000008
2014-11-17	-0.789999999999992
2014-11-18	-2.190000000000012
2014-11-19	-1.539999999999992
2014-11-20	-1.9200000000000017
2014-11-21	0.20000000000000284
2014-11-24	-0.09000000000000341
2014-11-25	-1.3199999999999932
2014-11-26	-0.8900000000000006
2014-11-28	2.799999999999997
2014-12-01	7
2014-12-02	-3.3700000000000045
2014-12-03	2.980000000000004
2014-12-04	-1.2800000000000011
2014-12-05	0.23999999999999488
2014-12-08	9.040000000000006
2014-12-09	2.6799999999999926
2014-12-10	20.189999999999998
2014-12-11	15.080000000000013
2014-12-12	6.199999999999989
2014-12-15	-10.379999999999995
2014-12-16	4.719999999999999
2014-12-17	-18.569999999999993
2014-12-18	-7.13000000000001
2014-12-19	-8.069999999999993
2014-12-22	0.519999999999996
2014-12-23	-4.959999999999994
2014-12-24	0.5600000000000023
2014-12-26	-3.010000000000005
2014-12-29	2.5799999999999983
2014-12-30	2.980000000000004
2014-12-31	15.239999999999995
2015-01-02	-0.5300000000000011
2015-01-05	9.320000000000007
2015-01-06	-3.4200000000000017
2015-01-07	-10.760000000000005
2015-01-08	-9.25
2015-01-09	5.329999999999998
2015-01-12	5.27000000000001
2015-01-13	0.1799999999999926
2015-01-14	4.280000000000001
2015-01-15	3.569999999999993
2015-01-16	-5.75
2015-01-20	-2.9199999999999875
2015-01-21	-9.780000000000001
2015-01-22	-5.3700000000000045
2015-01-23	3.0799999999999983
2015-01-26	-4.390000000000001
2015-01-27	4.170000000000002
2015-01-28	12.570000000000007
2015-01-29	-7.980000000000004
2015-01-30	8.289999999999992
2015-02-02	-2.25
2015-02-03	-5.709999999999994
2015-02-04	2.7099999999999937
2015-02-05	-5.179999999999993
2015-02-06	3.1299999999999955
2015-02-09	2.5
2015-02-10	-6.859999999999999
2015-02-11	1.4000000000000057
2015-02-12	-5.490000000000009
2015-02-13	-0.5
2015-02-17	0.21000000000000796
2015-02-18	-3.5700000000000074
2015-02-19	-1.7800000000000011
2015-02-20	-1.8199999999999932
2015-02-23	0.3499999999999943
2015-02-24	-3.4799999999999898
2015-02-25	3.9199999999999875
2015-02-26	0.36000000000001364
2015-02-27	-1.7000000000000028
2015-03-02	-3.3900000000000006
2015-03-03	3.2099999999999937
2015-03-04	-0.9500000000000028
2015-03-05	-2.839999999999989
2015-03-06	5.61999999999999
2015-03-09	-1.3299999999999983
2015-03-10	6.340000000000003
2015-03-11	5.390000000000001
2015-03-12	-7.799999999999997
2015-03-13	3.6400000000000006
2015-03-16	-2.5799999999999983
2015-03-17	-2.2900000000000063
2015-03-18	-7.030000000000001
2015-03-19	0.39000000000000057
2015-03-20	-1.1200000000000045
2015-03-23	-0.5099999999999909
2015-03-24	0.060000000000002274
2015-03-25	3.4799999999999898
2015-03-26	3.510000000000005
2015-03-27	-0.5300000000000011
2015-03-30	-4.340000000000003
2015-03-31	1.8500000000000085
2015-04-01	-1.190000000000012
2015-04-02	-2.6099999999999994
2015-04-06	0.09000000000000341
2015-04-07	-0.5999999999999943
2015-04-08	5.060000000000002
2015-04-09	-4.050000000000011
2015-04-10	-1.7999999999999972
2015-04-13	4.890000000000001
2015-04-14	-1.8900000000000006
2015-04-15	-2.0799999999999983
2015-04-16	-0.04999999999999716
2015-04-17	6.189999999999998
2015-04-20	-4.489999999999995
2015-04-21	-0.18999999999999773
2015-04-22	-1.5900000000000034
2015-04-23	-1.5300000000000011
2015-04-24	-1.7399999999999949
2015-04-27	4.789999999999992
2015-04-28	-3.539999999999992
2015-04-29	4.589999999999989
2015-04-30	4.810000000000002
2015-05-01	-7.439999999999998
2015-05-04	-1.0799999999999983
2015-05-05	5.890000000000001
2015-05-06	6.349999999999994
2015-05-07	-1.5900000000000034
2015-05-08	-9.769999999999996
2015-05-11	3.6700000000000017
2015-05-12	1.5300000000000011
2015-05-13	-0.18999999999999773
2015-05-14	-2.1099999999999994
2015-05-15	-1.4099999999999966
2015-05-18	1.1299999999999955
2015-05-19	-4.530000000000001
2015-05-20	-0.5
2015-05-21	-3.8499999999999943
2015-05-22	2.799999999999997
2015-05-26	5.959999999999994
2015-05-27	-4.1499999999999915
2015-05-28	-0.44000000000001194
2015-05-29	1.7199999999999989
2015-06-01	-0.1799999999999926
2015-06-02	1.7199999999999989
2015-06-03	-1.3400000000000034
2015-06-04	8.719999999999999
2015-06-05	-3.8900000000000006
2015-06-08	2.4000000000000057
2015-06-09	-2.1599999999999966
2015-06-10	-2.740000000000009
2015-06-11	-2.069999999999993
2015-06-12	6.019999999999996
2015-06-15	10.570000000000007
2015-06-16	-0.1600000000000108
2015-06-17	-2.769999999999996
2015-06-18	-3.989999999999995
2015-06-19	2.9599999999999937
2015-06-22	-8.289999999999992
2015-06-23	-5.02000000000001
2015-06-24	3.680000000000007
2015-06-25	0.980000000000004
2015-06-26	-0.4200000000000017
2015-06-29	33.91
2015-06-30	-6.829999999999998
2015-07-01	-12.570000000000007
2015-07-02	7.540000000000006
2015-07-06	0.8299999999999983
2015-07-07	-6.6200000000000045
2015-07-08	12.320000000000007
2015-07-09	3.6899999999999977
2015-07-10	-14.170000000000002
2015-07-13	-15.239999999999995
2015-07-14	1.3999999999999915
2015-07-15	3.460000000000008
2015-07-16	-3.6899999999999977
2015-07-17	-1.8000000000000114
2015-07-20	-0.9399999999999977
2015-07-21	-1.8199999999999932
2015-07-22	-3.6700000000000017
2015-07-23	2.549999999999997
2015-07-24	6.920000000000002
2015-07-27	8.959999999999994
2015-07-28	-12.549999999999997
2015-07-29	-1.8299999999999983
2015-07-30	-2.289999999999992
2015-07-31	1.1199999999999903
2015-08-03	-2.339999999999989
2015-08-04	1.3899999999999864
2015-08-05	-0.7199999999999989
2015-08-06	4.260000000000005
2015-08-07	-1.7900000000000063
2015-08-10	-2.3599999999999994
2015-08-11	5.010000000000005
2015-08-12	2.9099999999999966
2015-08-13	0.23000000000000398
2015-08-14	1.019999999999996
2015-08-17	-2.030000000000001
2015-08-18	1.490000000000009
2015-08-19	3
2015-08-20	16.909999999999997
2015-08-21	29.819999999999993
2015-08-24	30.180000000000007
2015-08-25	-16.330000000000013
2015-08-26	-18.109999999999985
2015-08-27	-5.719999999999999
2015-08-28	-1.4099999999999966
2015-08-31	0.09999999999999432
2015-09-01	1.6599999999999966
2015-09-02	-14.509999999999991
2015-09-03	3.7299999999999898
2015-09-04	4.990000000000009
2015-09-08	-5.530000000000001
2015-09-09	13.680000000000007
2015-09-10	-4.240000000000009
2015-09-11	-7.969999999999999
2015-09-14	-1.0799999999999983
2015-09-15	-8.670000000000002
2015-09-16	-2.3200000000000074
2015-09-17	11.070000000000007
2015-09-18	-1.8299999999999983
2015-09-21	-12.86
2015-09-22	7.959999999999994
2015-09-23	-5.5
2015-09-24	4.260000000000005
2015-09-25	0.4200000000000017
2015-09-28	4.769999999999996
2015-09-29	-4.320000000000007
2015-09-30	-7.709999999999994
2015-10-01	-5.010000000000005
2015-10-02	-3.200000000000003
2015-10-05	-2.779999999999987
2015-10-06	0.1699999999999875
2015-10-07	-3.029999999999987
2015-10-08	-1.0100000000000051
2015-10-09	0.6599999999999966
2015-10-12	-0.8100000000000023
2015-10-13	10.079999999999998
2015-10-14	3.940000000000012
2015-10-15	-5.680000000000007
2015-10-16	0.9699999999999989
2015-10-19	-3.200000000000003
2015-10-20	2.730000000000004
2015-10-21	8.909999999999997
2015-10-22	-8.950000000000003
2015-10-23	0.14000000000000057
2015-10-26	0.8900000000000006
2015-10-27	-2.8900000000000006
2015-10-28	-6.929999999999993
2015-10-29	0.3199999999999932
2015-10-30	1.6700000000000017
2015-11-02	-3.519999999999996
2015-11-03	0.5900000000000034
2015-11-04	2.1199999999999903
2015-11-05	-1.779999999999987
2015-11-06	-2.6500000000000057
2015-11-09	7.939999999999998
2015-11-10	-6.010000000000005
2015-11-11	4.290000000000006
2015-11-12	6.939999999999998
2015-11-13	7.8700000000000045
2015-11-16	-9.350000000000009
2015-11-17	3.660000000000011
2015-11-18	-6.900000000000006
2015-11-19	2.710000000000008
2015-11-20	-5.390000000000001
2015-11-23	-2.240000000000009
2015-11-24	1.0900000000000034
2015-11-25	-3.5
2015-11-27	2.2099999999999937
2015-11-30	2.490000000000009
2015-12-01	-3.5200000000000102
2015-12-02	5.6200000000000045
2015-12-03	8.86
2015-12-04	-12.61
2015-12-07	5.109999999999999
2015-12-08	4.859999999999999
2015-12-09	14.670000000000002
2015-12-10	-0.030000000000001137
2015-12-11	17.290000000000006
2015-12-14	-8.870000000000005
2015-12-15	-7.849999999999994
2015-12-16	-5.439999999999998
2015-12-17	4.589999999999989
2015-12-18	4.799999999999997
2015-12-21	-8.879999999999995
2015-12-22	-8.530000000000001
2015-12-23	-1.2999999999999972
2015-12-24	0.269999999999996
2015-12-28	-0.6400000000000006
2015-12-29	-4.109999999999999
2015-12-30	5.689999999999998
2015-12-31	-0.6199999999999903
2016-01-04	7.489999999999995
2016-01-05	-5.849999999999994
2016-01-06	1.2199999999999989
2016-01-07	13.489999999999995
2016-01-08	-0.09000000000000341
2016-01-11	-6.829999999999998
2016-01-12	-5.109999999999999
2016-01-13	12.620000000000005
2016-01-14	-7.070000000000007
2016-01-15	6.340000000000003
2016-01-19	-2.6499999999999915
2016-01-20	-0.8800000000000097
2016-01-21	-4.5
2016-01-22	-9.459999999999994
2016-01-25	3.9599999999999937
2016-01-26	-4.47999999999999
2016-01-27	1.6400000000000006
2016-01-28	-3.480000000000004
2016-01-29	-6.609999999999999
2016-02-01	-0.29999999999999716
2016-02-02	7.949999999999989
2016-02-03	-0.28000000000000114
2016-02-04	-2.0999999999999943
2016-02-05	5.329999999999998
2016-02-08	3.980000000000004
2016-02-09	-1.4699999999999989
2016-02-10	3.1299999999999955
2016-02-11	1.019999999999996
2016-02-12	-3.9599999999999937
2016-02-16	-9.049999999999997
2016-02-17	-5.240000000000009
2016-02-18	-1.4299999999999926
2016-02-19	-1.2800000000000011
2016-02-22	-0.060000000000002274
2016-02-23	3.480000000000004
2016-02-24	-2.930000000000007
2016-02-25	-3.2299999999999898
2016-02-26	0.20999999999999375
2016-02-29	1.3400000000000034
2016-03-01	-5.609999999999999
2016-03-02	-0.6099999999999994
2016-03-03	0.5699999999999932
2016-03-04	2.5600000000000023
2016-03-07	0.3299999999999983
2016-03-08	5.159999999999997
2016-03-09	5.400000000000006
2016-03-10	1.9099999999999966
2016-03-11	-2.4200000000000017
2016-03-14	-2.6099999999999994
2016-03-15	0.6000000000000085
2016-03-16	-5.969999999999999
2016-03-17	0.3399999999999892
2016-03-18	1.490000000000009
2016-03-21	1.5799999999999983
2016-03-22	-2.739999999999995
2016-03-23	1.019999999999996
2016-03-24	-1.8599999999999994
2016-03-28	-0.9099999999999966
2016-03-29	-1.9000000000000057
2016-03-30	-1.0600000000000023
2016-03-31	2.6099999999999994
2016-04-01	-1.3700000000000045
2016-04-04	2.8600000000000136
2016-04-05	4.679999999999993
2016-04-06	-3.519999999999996
2016-04-07	7.1499999999999915
2016-04-08	-3.009999999999991
2016-04-11	3.0799999999999983
2016-04-12	-3.030000000000001
2016-04-13	-1.8900000000000006
2016-04-14	0.030000000000001137
2016-04-15	2.3499999999999943
2016-04-18	-3.700000000000003
2016-04-19	0.4100000000000108
2016-04-20	0.9899999999999949
2016-04-21	-0.9000000000000057
2016-04-22	-2.969999999999999
2016-04-25	1.6700000000000017
2016-04-26	-1.259999999999991
2016-04-27	-1.4100000000000108
2016-04-28	4.260000000000005
2016-04-29	4.320000000000007
2016-05-02	-2.190000000000012
2016-05-03	2.1700000000000017
2016-05-04	0.20000000000000284
2016-05-05	-0.28000000000000114
2016-05-06	-2.719999999999999
2016-05-09	-2.4399999999999977
2016-05-10	-0.5
2016-05-11	5.609999999999999
2016-05-12	-0.28000000000000114
2016-05-13	2.75
2016-05-16	-3.3900000000000006
2016-05-17	1.1500000000000057
2016-05-18	-1.7700000000000102
2016-05-19	0.46999999999999886
2016-05-20	-5
2016-05-23	-1.3399999999999892
2016-05-24	-4.640000000000001
2016-05-25	-0.9399999999999977
2016-05-26	-1.0600000000000023
2016-05-27	-1.3100000000000023
2016-05-31	3.260000000000005
2016-06-01	-0.5
2016-06-02	0.6099999999999994
2016-06-03	-0.46000000000000796
2016-06-06	1.6299999999999955
2016-06-07	1.5900000000000034
2016-06-08	4.310000000000002
2016-06-09	3.3700000000000045
2016-06-10	13.799999999999997
2016-06-13	20.78
2016-06-14	-8.120000000000005
2016-06-15	-2.2099999999999937
2016-06-16	1.2399999999999949
2016-06-17	0.25
2016-06-20	-3.319999999999993
2016-06-21	1.059999999999988
2016-06-22	9.480000000000004
2016-06-23	-18.230000000000004
2016-06-24	20.42
2016-06-27	-9.530000000000001
2016-06-28	-7.599999999999994
2016-06-29	-9.400000000000006
2016-06-30	-4.36999999999999
2016-07-01	-2.530000000000001
2016-07-05	0.14999999999999147
2016-07-06	-2.6099999999999994
2016-07-07	0.2600000000000051
2016-07-08	-4.780000000000001
2016-07-11	0.060000000000002274
2016-07-12	0.20000000000000284
2016-07-13	-0.7999999999999972
2016-07-14	1.8499999999999943
2016-07-15	3.010000000000005
2016-07-18	-1.8400000000000034
2016-07-19	1.8299999999999983
2016-07-20	-1.9399999999999977
2016-07-21	5.75
2016-07-22	-3.3299999999999983
2016-07-25	2.4399999999999977
2016-07-26	-0.5100000000000051
2016-07-27	-0.20999999999999375
2016-07-28	-1.4200000000000017
2016-07-29	1.0300000000000011
2016-08-01	-0.1599999999999966
2016-08-02	3.2099999999999937
2016-08-03	-5.299999999999997
2016-08-04	-0.45000000000000284
2016-08-05	-2.9099999999999966
2016-08-08	-0.730000000000004
2016-08-09	2.1500000000000057
2016-08-10	2.75
2016-08-11	7.959999999999994
2016-08-12	-2.8700000000000045
2016-08-15	-2.819999999999993
2016-08-16	0.18999999999999773
2016-08-17	-7.019999999999996
2016-08-18	-2.010000000000005
2016-08-19	-0.39000000000000057
2016-08-22	0.6899999999999977
2016-08-23	0.3200000000000074
2016-08-24	1.9200000000000017
2016-08-25	0.060000000000002274
2016-08-26	3.1899999999999977
2016-08-29	-2.7900000000000063
2016-08-30	-1.3900000000000006
2016-08-31	0.4300000000000068
2016-09-01	0.030000000000001137
2016-09-02	-3.5500000000000114
2016-09-06	0.7900000000000063
2016-09-07	0.9399999999999977
2016-09-08	2.489999999999995
2016-09-09	24.450000000000003
2016-09-12	-10.489999999999995
2016-09-13	10.489999999999995
2016-09-14	3.1300000000000097
2016-09-15	-3.8800000000000097
2016-09-16	-6.679999999999993
2016-09-19	-1.0100000000000051
2016-09-20	0.4000000000000057
2016-09-21	-9.39
2016-09-22	-3.3700000000000045
2016-09-23	1.1800000000000068
2016-09-26	5.839999999999989
2016-09-27	-7.299999999999997
2016-09-28	-1.3900000000000006
2016-09-29	6.230000000000004
2016-09-30	-2.3599999999999994
